abrev,expansion,tipo,ambito,filas,ejemplos_reales,confianza,por_que,CONFIRMADO
POST,posterior (trasero),posicion,ambos,1789,categoria: AMORTIG POST ; CABLE FREN POST | nombre: HY TUCS NX 21- POST LH ; HY ACC 12- RIO 18- POST,alta,POSTERIOR escrito completo en PUENTE POSTERIOR,
RH,derecho (lado del pasajero en Ecuador),posicion,ambos,1591,categoria: BRAZO DIRECC RH | nombre: HY STA FE 2.2 DSL RH ; NS PATHFINDER 99-04 DEL RH,alta,Convención de repuestos (right hand); par de LH. Ver nota de LH,
DELT,delantero,posicion,ambos,1544,categoria: AMORTIG DELT ; MANZANA DELT | nombre: KIA RIO R 12- DELT ; KIA STONIC 21- DELT LH,alta,DELANTERO escrito completo en PUENTE DELANTERO y CILINDRO RUEDA DELANTERO,
LH,izquierdo (lado del conductor en Ecuador),posicion,nombre,1535,nombre: CH SPARK GT DEL LH ; HY TUCS NX 21- POST LH,alta,Convención de repuestos (left hand); pares con RH en las mismas piezas. No hay fila que lo escriba completo; IZQ aparece como palabra aparte,
DSL,diesel,atributo,nombre,930,nombre: HY STA FE 2.2 DSL SUP ; HY STA FE 2.2 DSL RH,alta,Guía §9,
MANG,manguera,pieza,ambos,851,categoria: MANG PASO AGUA ; MANG RADIADOR | nombre: KIA CARNIVAL 2.9 MANG SALID TURBO ; CH SPARK GT 1.2 BEAT MANG CALEF,alta,MANGUERA y MANGUERAS escritos completos (`MANGUERAS Y PARTES DE D/H`),
AMORTIG,amortiguador,pieza,categoria,796,categoria: AMORTIG DELT ; AMORTIG POST | nombre: HY H350 17- ARANDELA B/AMORTIG ; RODELA DE AMORTIG,alta,AMORTIGUADOR aparece escrito completo en la categoría BASE AMORTIGUADOR; AMORTIG DELT y AMORTIG POST son las categorías de amortiguador. Un cliente que dice «amortiguadores» no coincide con este texto sin pasar por acá,
CHAQ,chaqueta (cojinete de biela o de bancada),pieza,categoria,792,categoria: CHAQ BANCADA ; CHAQ BIELA,alta,Solo aparece en CHAQ BIELA y CHAQ BANCADA; la guía ya la traducía como chaqueta. Que sea el cojinete es lenguaje del oficio: ninguna fila lo escribe,
SEN,sensor,pieza,categoria,757,categoria: SEN OXIGENO ; SEN EGR/CUERPO ACER/VAL CVVT | nombre (no es sensor): NS SEN B13 ; NS SEN B13 16V DELT,alta,"SENSOR ABS y SENSOR TEMPERATURA están escritos completos. TRAMPA: en la columna nombre SEN es Sentra (530 filas, `NS SEN B13`), no sensor",
BOCIN,bocín (buje),pieza,ambos,607,categoria: BOCIN MESA SUSP ; BOCIN PALANCA CAMBIOS | nombre: CH GRAN VIT 3P 5P BOCIN PALANCA ; CH VAN 300 BOCIN PQÑ,alta,"Palabra completa (BOCIN MESA SUSP, BOCIN PALANCA CAMBIOS); hay filas con BUJE/BUJES (`BUJES B/LEVAS`). No está confirmado que bocín y buje sean para el dueño la misma pieza",
CILIND,cilindro,pieza,categoria,599,categoria: CILIND MAESTRO FRENO ; CILIND RUEDA POST,alta,"CILINDRO RUEDA DELANTERO está escrito completo; CILIND MAESTRO FRENO, CILIND RUEDA POST, CILIND AUX EMBRAGUE",
RULIM,rulimán (rodamiento),pieza,ambos,583,categoria: RULIM VARIOS ; RULIM CANASTILLA CAJA | nombre: CH GRAN VIT SZ  CAÑERIA ACOPLE RULIM ; CH TAX AVE DEL RULIM SPARK MATIZ,alta,RULIMAN y RULIMANES aparecen escritos completos en otras categorías; la guía lo traduce rulimán/rodamiento,
GAS,gasolina,atributo,ambos,569,categoria: PART BOMBA GAS | nombre: HY H1 2.4 GAS -00 DELT C/ESPARRAGOS ; HY TUCS 05- GAS ALTERN KIA RIO -02,alta,Guía §9 (GAS = gasolina). Ojo: en categorías `PART BOMBA GAS` también es gasolina; ninguna fila habla de gas natural,
16V,motor de 16 válvulas,atributo,nombre,545,nombre: NS XTRAIL YD22 16V ; NS SEN B13 16V DELT,alta,Guía §9,
EMG,¿? (sigla dentro de REPUESTO EMG),ruido,categoria,457,categoria: REPUESTO EMG,baja,Solo existe en la categoría REPUESTO EMG; no hay ninguna fila que la explique. Ver REPUESTO EMG,
REPUESTO EMG,"¿? (grupo de trabajo, no es una pieza)",ruido,categoria,457,categoria: REPUESTO EMG | nombre: XELIM ; 001 CAMISAS KIA K2700 ; 231_MOTOR PLUMAS HY GRAND I10,baja,"509 filas en la categoría (457 activas). Sobre las 509: 272 se llaman exactamente XELIM, 166 llevan prefijo numérico (`001 CAMISAS KIA K2700`, `231_MOTOR PLUMAS HY GRAND I10`) y 71 son otras, entre ellas el encabezado `# GRUPO NOMBRE AUTO` y el relleno `XXXXXXXXXXXXXX`. Solo 11 tienen stock. No sé qué significa EMG ni si deben mostrarse al cliente. Pregunta al dueño",
VARIOS,varios (alcance amplio),atributo,ambos,434,categoria: RULIM VARIOS ; GASTOS VARIOS | nombre: VARIOS ; X C/CAM VARIOS HY SANTA FE,alta,"Guía §10.bis; también es parte del nombre de categorías (RULIM VARIOS, GASTOS VARIOS)",
VALV,válvula,pieza,ambos,424,categoria: VALV ADMISION ; VALV ESCAPE | nombre: HY TUCS TL 16- DSL VALV PRESION ; CH GRAN VIT SZ S-CROSS VALV DESF ROSCA,alta,VALV ADMISION / VALV ESCAPE junto a VALVULA DE DESFOGUE y GUIAS DE VALVULA,
INF,inferior,posicion,nombre,422,nombre: CH SAIL 1.5 18- INF ; HY TERRAC DEL INF GRANDE,alta,`VW GOL INF` en MANG RADIADOR tiene la descripción INFERIOR; es el par de SUP,
SUP,superior,posicion,nombre,384,nombre: HY STA FE 2.2 DSL SUP ; MZ 2.2 2.6 G6 INY SUP,alta,Par de INF (`HY STA FE 2.2 DSL SUP`); las mangueras de radiador tienen superior e inferior,
4*4,tracción 4x4,atributo,nombre,369,nombre: CH LUV 4*4 BAJO ROD 2.6 ; HY TUCS IX DELT R/L 4*2 4*4,alta,Misma tracción escrita con asterisco,
SUSP,suspensión,pieza,categoria,355,categoria: BOCIN MESA SUSP | nombre: MZ PERNO  SUSP POST,alta,BOCIN MESA SUSP junto a MESA SUSPENSION y ROTULA SUSPENSION,
4*2,tracción 4x2,atributo,nombre,352,nombre: HY TUCS IX DELT R/L 4*2 4*4 ; HY TUCS 4*2 3RA,alta,Misma tracción escrita con asterisco,
PIÑON,piñón,pieza,ambos,341,categoria: PIÑON CAJA CAMBIOS ; PIÑON VELOCIMETRO | nombre: KIA CARNIVAL 2.9 -14 SIN PIÑON ; KIA SORENT 2.5 PIÑON EJE BALANC RH,alta,"PIÑON CAJA CAMBIOS, PIÑON VELOCIMETRO. Convive con PINON (sin eñe)",
ABS,sistema de frenos antibloqueo (ABS),atributo,ambos,338,categoria: SENSOR ABS | nombre: HY ACC 12- C/ABS RH DELT ; HY SONAT 2.0 14- KIA OPTIMA 16 C/ABS,alta,SENSOR ABS; `C/ABS` y `S/ABS` en nombres (guía §9),
A/C,aire acondicionado,pieza,ambos,332,categoria: FILTRO A/C CALEFAC ; CONDENSADOR A/C | nombre: KIA SORENT 2.5 DSL M/T A/C ; HY STA FE 2.2 DS A/C,alta,"CONDENSADOR A/C, COMPRESOR A/C, EVAPORADOR A/C",
XELIM,¿eliminar? (marcador de ítem dado de baja),ruido,nombre,314,categoria: REPUESTO EMG | nombre: XELIM,baja,314 filas activas contienen XELIM en el nombre (307 son exactamente `XELIM`); otras 76 lo traen en la descripción y ya están inactivas. Parece «eliminar» (X-ELIM) pero no está confirmado. En REPUESTO EMG solo 2 de las filas llamadas XELIM tienen stock. Pregunta al dueño,
RD,¿rueda delantera? (¿rueda?),pieza,ambos,305,categoria: RULIMANES RD/RP ; RETEN RD DELT Y SEMIEJE | nombre: SZ CARRY RD ; HY H100 LUV 2.3 JIMBE RD,baja,"`RULIMANES RD/RP`, `RETEN RD DELT Y SEMIEJE`, `RETEN RD POST`: si RD fuera rueda delantera, `RD DELT` sobraría. Pregunta al dueño",
PLUMAS,plumas (limpiaparabrisas),pieza,ambos,304,categoria: SWICH LUCES O PLUMAS ; MOTOR PLUMAS | nombre: CH TAX AVEO PLUMAS 1.4 1.6 SAIL 1.4 12- SEDAN ; HY I10 1.2 1.1 08- PLUMAS,media,"MOTOR PLUMAS, MECANIS PLUMAS y SWICH LUCES O PLUMAS; que «plumas» sea el limpiaparabrisas es vocabulario del oficio, ninguna fila lo dice",
EXT,exterior,posicion,ambos,303,categoria: HOMOC EXT | nombre: HY TUCS 05- EXT STA FE 2.2 2.7 06- ; TY COROLLA TERCEL EXT,media,HOMOC EXT y GUARPOLV PUNTA EJE; en `L200 92- EXT` puede ser cabina extendida. Confirmar,
COMBUST,combustible,pieza,categoria,272,categoria: BOMBA COMPLETA COMBUST INYEC ; BOYA TANQUE COMBUST | nombre: CH LUV DMAX 3.0 14- RT50 BASE FILTRO COMBUST,alta,COMBUSTIBLE escrito completo en BOMBA PILA COMBUSTIBLE y VALVULA PRESION COMBUSTIBLE,
TW,origen Taiwán (sufijo /TW),atributo,nombre,268,nombre: MT G32 L200 HYUN 3/TW ; TY 4Y 2.2 89/3/TW,alta,Guía §8.bis; en nombres `TY 4Y 2.2 89/3/TW`,
DEL,delantero (en el nombre),posicion,nombre,266,nombre: CH SPARK GT DEL LH ; HY TUCS 05- DEL,media,"En nombres `KIA CERATO 19- DEL`, `CH SPARK GT DEL LH` (266 filas). Pero DEL en una categoría es la preposición (`POLEA DEL CIGUEÑAL`, `BENDIX DEL ARRANQUE`): hay que mirar la columna",
FREN,freno,pieza,categoria,265,categoria: CABLE FREN POST ; CABLE FREN DELT,alta,"FRENO escrito completo (DISCO DE FRENO, PASTILLAS DE FRENO); CABLE FREN POST/DELT",
CIGUEÑAL,cigüeñal,pieza,ambos,260,categoria: POLEA DEL CIGUEÑAL ; PERNOS CABEZ CIGUEÑAL BIELA | nombre: KIA STONIC 21- PERNOS CIGUEÑAL ; CH TAXI 1.5 8V P/CIGUEÑAL,alta,"POLEA DEL CIGUEÑAL, PERNOS CABEZ CIGUEÑAL BIELA",
INT,interior (¿o intermedio?),posicion,ambos,252,categoria: HOMOC INT | nombre: SZ VIT 5P 95-02 INT ; REN LOGAN INT,media,HOMOC INT y `REN LOGAN INT` en GUARPOLV PUNTA EJE (interior). En cajas de cambio (`5TA INT`) puede ser otra cosa. Confirmar,
V6,motor de 6 cilindros en V,atributo,nombre,232,nombre: CH TRO 3.2 V6 92- ; HY STA FE 2.7 /2 V6 07- SORENT 2.7,alta,Notación universal: `CH TRO 3.2 V6 92-`,
HOMOC,homocinética (junta homocinética),pieza,categoria,230,categoria: HOMOC EXT ; HOMOC INT,alta,Solo en HOMOC EXT y HOMOC INT. Expansión por vocabulario del oficio: ninguna fila la escribe completa,
PINON,piñón,pieza,categoria,229,categoria: PINON CIGUENAL ; PINON BARRA LEVAS | nombre: DT 1.2     1 PINON ; DT 1.2     2 PINON,alta,"PINON CIGUENAL, PINON BARRA LEVAS. Convive con PIÑON (con eñe): hay que buscar las dos escrituras",
MULT,múltiple (de admisión o de escape),pieza,ambos,228,categoria: EMPAQUE MULT ADMIS ; EMPAQUE MULT ESCA | nombre: KIA SORENT 3.5 10- STA FE 12- 3.3 AUX B/MULT,alta,EMPAQUE MULT ADMIS / EMPAQUE MULT ESCA junto a MULTIPLE ADM/ESC escrito completo,
CIGUENAL,cigüeñal,pieza,categoria,226,categoria: CIGUENAL ; PINON CIGUENAL,alta,CIGUENAL y PINON CIGUENAL; convive con CIGUEÑAL (con eñe en lugar de diéresis),
ESTABILIZ,estabilizador,pieza,categoria,214,categoria: BARRA LINK ESTABILIZ,alta,ESTABILIZADOR escrito completo en BARRA ESTABILIZADOR y CAUCHO ESTABILIZADOR,
8V,motor de 8 válvulas,atributo,nombre,206,nombre: TY HIACE 2RZ 8V ; NS SEN 8V E5,alta,Guía §9,
COMPLET,completo/a,atributo,ambos,195,categoria: EJE RUEDA COMPLET | nombre: KIA PICANT 1.2  18- COMPLET ; HY STA FE 2.2 DSL COMPLET,alta,COMPLETA y COMPLETO escritos completos en otras filas (`DIRECCION COMPLETA`),
SWICH,switch (interruptor),pieza,categoria,194,categoria: SWICH LUCES O PLUMAS ; SWICH ARRANQUE | nombre: 226 SWICH ARRANQUE CH TAX AVEO 1.5,alta,"Anglicismo habitual; SWICH ARRANQUE, SWICH LUCES O PLUMAS. El cliente puede decir «interruptor» o «switch»",
CVVT,distribución variable de válvulas (sigla técnica),atributo,ambos,189,categoria: SEN EGR/CUERPO ACER/VAL CVVT ; ACCIONADOR CVVT B/LEVAS | nombre: HY ACC 1.6 06- CVVT ; HY CRETA 1.5 21- VALVULA CVVT ADMISION P/CENTRAL,alta,ACCIONADOR CVVT B/LEVAS y SEN EGR/CUERPO ACER/VAL CVVT; sigla que se deja tal cual,
NNN (prefijo numérico),número de ítem de una lista de trabajo pegado delante del nombre,ruido,nombre,181,nombre: 333 CABLE MARCHA KIA XCITE ; 340 RADIADOR H100 PORTER,baja,"181 filas empiezan con 2-4 dígitos y un espacio o guion bajo (`003  VALVULAS ESCAPE KIA STONIC 21- 1.0`, `340 RADIADOR H100 PORTER`); 150 están en REPUESTO EMG. Con el prefijo, la marca ya no es el primer token y el parser de descripción no la lee. Pregunta al dueño de dónde sale",
5P,5 puertas,atributo,nombre,180,nombre: SZ VIT 5P 95-02 INT ; CH GRAN VIT 2.0 /3 J18 J20 5P,media,`SZ VIT 5P 95-02`: par de 3P. Inferencia,
PART,partes de,pieza,categoria,178,categoria: PART CAJA CAMBIO ; PART BOMBA GAS | nombre: HY CRETA 1.6 17- PART DELT,alta,`PART BOMBA GAS` junto a `PARTES BOMBA ACEITE` escrito completo,
D/H,dirección hidráulica,atributo,ambos,175,categoria: MANGUERAS Y PARTES DE D/H ; RESERVORIO D/H | nombre: NS SEN B13 DE AXIAL D/H ; KIA CERAT FORT 11- D/H,alta,"`RESERVORIO D/H`, `MANGUERAS Y PARTES DE D/H` y `KIT DIREC HIDRAUL`; `D/H` y `D/M` conviven dentro de DIRECCION COMPLETA",
DISTRIB,distribución (de motor); ¿distribuidor?,pieza,categoria,172,categoria: TEMPLADOR BANDA DISTRIB ; PINON DISTRIB B/ACEIT,media,TEMPLADOR BANDA DISTRIB y BANDA DISTRIBUCION dicen distribución; pero DISTRIBUIDOR es otra categoría (TAPA DISTRIBUIDOR) y `PINON DISTRIB B/ACEIT` no deja claro cuál. Pregunta al dueño si DISTRIB siempre es distribución,
PRIN,principal,atributo,ambos,172,categoria: CILIND PRIN EMBRAGUE | nombre: CH AVEO DW NUB 16V PRIN ; MZ 2.2 BT50 F2 PRIN KIA SPORTAG -03,alta,CILIND PRIN EMBRAGUE frente a CILIND AUX EMBRAGUE; PRINCIPAL escrito completo en nombres,
AUX,auxiliar,atributo,ambos,160,categoria: CILIND AUX EMBRAGUE ; KIT AUX EMBRAG | nombre: CH AVEO DW NUB 16V AUX ; KIA RIO XCITE 06- AUX DEL A/C,alta,Par de PRIN/PRINC: CILIND AUX EMBRAGUE frente a CILIND PRIN EMBRAGUE; `KIT AUX EMBRAG`,
HYB,híbrido,atributo,nombre,160,nombre: HY  SONATA HYB 2.0 16- SUP OPTIMA HYB ; HY SONATA HYB GRAND 2.4,alta,HYBRID escrito completo (`HY SONATA HYBRID 2.0 15-`) junto a `SONATA HYB`,
TROM,"¿trompo? (interruptor/sensor de retro, stop, temperatura)",pieza,categoria,160,categoria: TROM RETRO ; TROM STOP,baja,"Categorías TROM RETRO, TROM STOP, TROM TEMPERATURA (160 filas). No sé qué es: ¿trompo/interruptor de luz de reversa y de stop? Pregunta al dueño",
CIGÑ,cigüeñal,pieza,ambos,155,categoria: SEN CKP P/CIGÑ | nombre: CH TAX AVEO /CIGÑ OPTRA HB TACUMA ; HY ACC 12- HY CRETA 1.6 ELANT 06- DELT /CIGÑ,alta,`SEN CKP P/CIGÑ` junto a CIGUEÑAL; `P/CIGUEÑAL` aparece escrito completo en nombres,
AD,admisión (válvulas AD),pieza,nombre,154,nombre: KIA SORENT 2.5 AD ; CH LUV 3.2 V6 AD LH,media,Par de EX; en `KIA SORENT 2.5 AD` / BALANCINES. Inferencia,
B/LEVAS,barra de levas (árbol de levas),pieza,ambos,146,categoria: SEN B/LEVAS ; ACCIONADOR CVVT B/LEVAS | nombre: HY STA FE 2.7 07- B/LEVAS 30*42*8 ; CH LUV 3.5 ROD 2.6 3.2 LUV 2.3 B/LEVAS,alta,BARRA DE LEVAS y PINON BARRA LEVAS escritos completos,
Z,marca de gasto o servicio (prefijo Z en el nombre),ruido,nombre,146,categoria: GASTOS VARIOS | nombre: Z GUAIPE ; Z CARTONES ; Z ARRIENDO DEL MES,media,"146 filas activas tienen Z como primera palabra del nombre: 122 en GASTOS VARIOS, 18 en RULIM VARIOS, 5 en OTROS, 1 en OTROS INGRESOS (`Z ARRIENDO DEL MES`). Es un prefijo de ruido, pero las 18 de RULIM VARIOS están en una categoría de repuestos (nombres `Z` y `Z CH`)",
INYEC,inyección,pieza,ambos,145,categoria: BOMBA COMPLETA COMBUST INYEC | nombre: HY H1 TQ 07- BOMB INYEC ; KIA SORENTO 2.5  BOMB/INYEC,media,`BOMBA COMPLETA COMBUST INYEC` (inyección) y la categoría INYECTORES; `BOMB/INYEC` en nombres,
VAL,válvula,pieza,ambos,143,categoria: SEN EGR/CUERPO ACER/VAL CVVT | nombre: CH COR EVOL LH VAL POST ; HY CRETA 1.5 21- VAL SELENOIDE ADM,media,`SEN EGR/CUERPO ACER/VAL CVVT` y `VAL CVVT ESC`; en `TY 1.2 2K 3K /VAL (180*125*213)` no se entiende. Confirmar,
12V,"motor de 12 válvulas (en baterías/bobinas, 12 voltios: ver pieza)",atributo,nombre,139,nombre: MT 4G15 12V/0/FINA ; HY VER 1.5 12V PEQÑ,media,"Guía §9 dice válvulas; `MT 4G15 12V/0/FINA` es motor, pero en piezas eléctricas (relay, bobina) 12V puede ser voltaje",
RP,¿rueda posterior?,pieza,ambos,138,categoria: RULIMANES RD/RP | nombre: MT CANTER RP EXT ; MZ BT50 4*2 G6 C/CAM KIA RIO SZ FORZA I II RP,baja,Par supuesto de RD en `RULIMANES RD/RP`; en nombres aparece como `MT CANTER RP EXT`. Pregunta al dueño,
X8,juego de 8 piezas (cantidad),atributo,nombre,137,nombre: KIA CARNIVAL 2.9 CABEZOT PQÑ X8 ; HY TUCS IX SPORTG R SONATA HYBRID 2.4 X8,media,"`X8` tras la pieza: `CABEZOT PQÑ X8` frente a `CABEZOT GRD X10` (válvulas/pernos por juego), `MANGUERAS X2`. Inferencia",
JP,origen Japón (sufijo /JP),atributo,nombre,133,nombre: TY CRESSIDA 21R 80-84 /JP ; TY 5R 2.0 STOUT /4/JP,alta,Guía §8.bis; en nombres `TY CRESSIDA 21R 80-84 /JP`,
DEL,«del» (preposición: no es una posición),ruido,categoria,131,categoria: POLEA DEL CIGUEÑAL ; BENDIX DEL ARRANQUE,alta,"En categorías: POLEA DEL CIGUEÑAL, BENDIX DEL ARRANQUE; no significa delantero",
GUARPOLV,guardapolvo,pieza,categoria,129,categoria: GUARPOLV PUNTA EJE ; GUARPOLV CARROCERIA,alta,GUARPOLV PUNTA EJE; `GUARDAPOLV` y `G/POLV` aparecen en nombres con el mismo sentido,
GASTOS VARIOS,no es un repuesto: gastos de la empresa,ruido,categoria,127,categoria: GASTOS VARIOS | nombre: Z AD VALOREM ; Z PUBLICIDAD Y MARKETING ; BROCHAS,alta,"127 filas activas con nombres como `Z AD VALOREM`, `Z PUBLICIDAD Y MARKETING`, `BROCHAS`, `Z FUNDAS INDUSTRIALES DE BAUSRA`; 112 tienen stock y 117 tienen precio, o sea que hoy el agente podría cotizarlas",
R/L,derecho e izquierdo (sirve para ambos lados),posicion,nombre,127,nombre: HY TUCS IX DELT R/L 4*2 4*4 ; KIA PICANTO 05- R/L,media,"`HY TUCS IX DELT R/L 4*2 4*4`, `REN LOGAN R/L`: iniciales inglesas right/left; inferencia por el par LH/RH",
ADM,admisión,pieza,ambos,124,categoria: MULTIPLE ADM/ESC | nombre: HY I10 1.1 ADM ; HY CRETA 1.6 17- CONJUNTO TUBO Y  VACIO ADM,alta,MULTIPLE ADM/ESC junto a EMPAQUE MULT ADMIS,
3P,3 puertas,atributo,nombre,123,nombre: CH GRAN VIT 1.6 3P 60A ; SZ VIT 3P  BRAZO EJE EMBRAGUE,media,`SZ VIT 3P` / `CH GRAN VIT 1.6 3P`: Vitara de 3 puertas. Inferencia; ninguna fila escribe «puertas»,
ACER/VAL,¿acelerador / válvula? (parte de la categoría del cuerpo de aceleración),pieza,categoria,119,categoria: SEN EGR/CUERPO ACER/VAL CVVT,baja,Solo dentro de la categoría `SEN EGR/CUERPO ACER/VAL CVVT` (119 filas). Pregunta al dueño qué agrupa esa categoría,
C/ABS,con ABS,atributo,nombre,119,nombre: HY ACC 12- C/ABS RH DELT ; HY SONAT 2.0 14- KIA OPTIMA 16 C/ABS,alta,Guía §9: C/ = con,
EGR,válvula de recirculación de gases de escape (sigla técnica),pieza,ambos,119,categoria: SEN EGR/CUERPO ACER/VAL CVVT | nombre: CH VAN N200 EGR ; HY STA FE 2.2 DSL EGR,alta,`SEN EGR/CUERPO ACER/VAL CVVT` y `HY STA FE 2.2 DSL EGR`. Sigla internacional que se deja tal cual,
RD/RP,¿rueda delantera / rueda posterior? (rulimanes de rueda),pieza,categoria,118,categoria: RULIMANES RD/RP,baja,Categoría RULIMANES RD/RP (118 filas). Pregunta al dueño,
3RA,tercera marcha,atributo,nombre,117,nombre: CH SPARK GT 1.2 3ra BEAT 1.2 ; HY TUCS 4*2 3RA,alta,"Ordinal de caja de cambios (`PIÑON CAJA CAMBIOS`, `HORQUILLA CAJA CAMBIOS`)",
ADMIS,admisión,pieza,categoria,116,categoria: EMPAQUE MULT ADMIS,alta,VALV ADMISION y EMPAQUE MULT ADMIS,
5TA,quinta marcha,atributo,nombre,115,nombre: HY ACC 06- 5TA ; HY TERR 2.9 3.5 5TA TRIPLE,alta,"Ordinal de caja de cambios (`PIÑON CAJA CAMBIOS`, `HORQUILLA CAJA CAMBIOS`)",
CALEFAC,calefacción,pieza,ambos,115,categoria: FILTRO A/C CALEFAC | nombre: KIA XCITE 06-  CALEFAC ; CH CAPTIVA 1.5 19- CALEFAC ENTRADA,alta,CALEFACCION escrito completo en VALVULA CALEFACCION; FILTRO A/C CALEFAC,
TODOS,alcance: todos los modelos de esa marca o modelo,atributo,nombre,115,nombre: HY TODOS RODELA PRESION ; KIA RIO 00- HY ACC TODOS MATRIX PREGIO,alta,"Guía §10.bis (`CH COR TODOS`, `DW TODOS`)",
COMPLT,completo/a,atributo,nombre,110,nombre: CH CRUZE 1.8 TRACKER 1.8 COMPLT ; CH SAIL 1.5 18- COMPLT C/BASE,alta,Misma palabra abreviada: `CH SAIL 1.5 18- COMPLT C/BASE`,
SELEC,selector,pieza,ambos,108,categoria: CABLE SELEC MARCHA | nombre: HY TUCS PIN SELEC VARILLA,alta,`CABLE SELEC MARCHA` (selector de marchas),
2DA,segunda marcha,atributo,nombre,107,nombre: KIA STONIC 21- 2DA ; KIA XCITE 1.4 2DA 3RA TRIPLE,alta,"Ordinal de caja de cambios (`PIÑON CAJA CAMBIOS`, `HORQUILLA CAJA CAMBIOS`)",
DIESEL,diesel,atributo,ambos,107,categoria: FILTRO DIESEL | nombre: KIA BESTA E2200 DIESEL ; CH 2.5 2.8 DIESEL SUP,alta,"Escrito completo; convive con DSL, DISEL y CRDI",
X4,juego de 4 piezas (cantidad),atributo,nombre,107,nombre: HY ACC 12-18 CERATO 12- X4 CON CABLE ; MT 4G63 L200-300 92- X4,media,"`X4` tras la pieza: `CABEZOT PQÑ X8` frente a `CABEZOT GRD X10` (válvulas/pernos por juego), `MANGUERAS X2`. Inferencia",
ESC,escape,pieza,ambos,105,categoria: MULTIPLE ADM/ESC | nombre: TUBO ESC FLEX 1.75*8 ; HY ACC 1.5  ESC RODILLO,media,`TUBO ESC FLEX` y `MULTIPLE ADM/ESC`; en `ESC RODILLO` (balancines) no estoy seguro; confirmar,
ESCA,escape,pieza,categoria,104,categoria: EMPAQUE MULT ESCA,alta,EMPAQUE MULT ESCA junto a VALV ESCAPE,
1RA,primera marcha,atributo,nombre,102,nombre: CH SAIL 1.5 18- 1RA ; KIA PICANTO 18- SOLUTO 19- 1RA GRAND I10 1.2 15-,alta,"Ordinal de caja de cambios (`PIÑON CAJA CAMBIOS`, `HORQUILLA CAJA CAMBIOS`)",
P/CIGÑ,del cigüeñal (posición),pieza,ambos,102,categoria: SEN CKP P/CIGÑ | nombre: HY H1 TERRAC 2.5 P/CIGÑ 16mm 72mm ; CH AVEO 1.4 1.6 16V P/CIGÑ,media,`SEN CKP P/CIGÑ`; `CH TAXI 1.5 8V P/CIGUEÑAL` lo escribe completo en un nombre,
C/CAM,¿con cámara? ¿con camisa?,atributo,nombre,101,nombre: CH SAIL 1.4 12- C/CAM MZ BT50 2.2 HY H100 ATOS ; MZ BT50 4*2 CH TROTY TODA C/CAM,baja,101 filas en RULIM VARIOS y RULIM SERIE 6000 (`MZ BT50 4*2 CH TROTY TODA C/CAM`); la guía lo lista pero no lo explica. Pregunta al dueño,
CKP,sensor de posición del cigüeñal (CKP),pieza,ambos,101,categoria: SEN CKP P/CIGÑ | nombre: HY STA FE 2.4 -06 DEL CKP ; HY TERR 3.5 CKP TRIANG,alta,Categoría `SEN CKP P/CIGÑ`: P/CIGÑ = del cigüeñal,
L/R,izquierdo y derecho (sirve para ambos lados),posicion,nombre,98,nombre: HY STARIA 21- L/R ; HY TUCS IX 12- L/R,media,Mismo caso que R/L en otro orden: `HY STARIA 21- L/R`,
A/T,transmisión automática (automatic transmission),atributo,nombre,96,nombre: NS XTRAIL DEL LH T32 QR25 A/T 15- ; HY TUCS IX -13 A/T RH,media,"`NS XTRAIL DEL LH T32 QR25 A/T 15-`; iniciales inglesas, inferencia",
COMP/CAPOT,compuerta / capot,pieza,categoria,90,categoria: AMORTIG COMP/CAPOT,media,AMORTIG COMP/CAPOT (90 filas): COMPUERTA existe como palabra escrita completa; amortiguador de compuerta o capot,
GRD,grande,atributo,nombre,88,nombre: KIA CARNIVAL 2.9 CABEZOT GRD X10 ; KIA PICANTO 18- GRD,alta,GRANDE escrito completo en nombres; par de PQÑ,
EX,escape (válvulas EX),pieza,nombre,87,"nombre: NS SEN B13,14 1.6 93-00 EX ; MZ BT50 2.5 DSL EX 16V",media,"`EX` y `AD` aparecen juntos en guías y balancines (`GUIAS DE VALVULA EX/AD`); EX = escape, AD = admisión, por el par con ADM/ESC. Inferencia",
T/M,transmisión manual,atributo,nombre,87,nombre: HY CRET 1.6 4*2 T/M 15- ; HY TUCS 05- GAS T/M VINCHA/BAJA,alta,Guía §9; `HY CRET 1.6 4*2 T/M 15-`,
4TA,cuarta marcha,atributo,nombre,78,nombre: HY GRAND I10 1.2 18- 4TA ; KIA RIO 4TA,alta,"Ordinal de caja de cambios (`PIÑON CAJA CAMBIOS`, `HORQUILLA CAJA CAMBIOS`)",
HYBRID,híbrido,atributo,nombre,78,nombre: HY SONATA HYBRID 2.0 15- ; HY TUCS IX SPORTG R SONATA HYBRID 2.4 X8,alta,Escrito completo,
INY,inyección (o inyector),atributo,nombre,77,nombre: MZ 2.2 2.6 G6 INY SUP ; MZ 2.2 2.6 INY,media,"`MZ 2.2 2.6 INY` / `G6 INY SUP` (77 filas): parece inyección frente a carburador, no está confirmado",
QR25,código de motor Nissan (no se expande),atributo,nombre,72,nombre: NS XTRAIL DEL LH T32 QR25 A/T 15- ; NS XTRAIL QR25 T30 KIT 4 PZS  BUJIAS,media,`NS XTRAIL QR25 T30`; ya es parte de la clave `XTRAIL QR25` del diccionario de modelos,
E5,código de motor (no se expande),atributo,nombre,69,nombre: NS SEN 8V E5 ; KIA RIO /2 STYLUS FEST MZ 323 E5,media,"`MZ 323 1500 E3 E5`: junto a E3 y a la cilindrada; es código, no se traduce",
RT50,código de motor (no se expande),atributo,nombre,69,nombre: CH LUV DMAX RT50 ; CH LUV DMAX 3.0 DSL 14- RT50,media,`CH LUV DMAX 3.0 DSL 14- RT50`,
AIR/BAG,airbag,pieza,categoria,68,categoria: CINTA MODULO AIR/BAG VOLANTE | nombre: HY CRETA 1.5 21- MODULO AIR/BAG,alta,"`CINTA MODULO AIR/BAG VOLANTE`, `MODULO AIR/BAG`; C/AIRBAG en nombres",
HIDRAUL,hidráulico,atributo,ambos,65,categoria: KIT DIREC HIDRAUL | nombre: CH LUV 3.2 TRO V6 HIDRAUL ; HY ELANT 92-94 SONAT HIDRAUL,alta,`KIT DIREC HIDRAUL`,
SOLO,solo la pieza indicada (no el conjunto),atributo,nombre,65,"nombre: HY STA FE 12- POST LH SOLO CABLE ; NS SEN B12,13,14 SOLO TRICT",media,"`SOLO CABLE`, `SOLO TRICETA`, `SOLO FILT`: la pieza sin el resto del kit. Inferencia",
PEQÑ,pequeño,atributo,nombre,64,nombre: HY H100 C/COR PEQÑ ; CH COR EVOL PEQÑ,alta,`HY H100 C/COR PEQÑ`; mismo significado que PQÑ,
PRINC,principal,atributo,ambos,64,categoria: KIT PRINC EMBRAG | nombre: HY TUCS SPORTG PRINC ; KIA CARNIV 2.9 TERRAC 2.9 PRINC,alta,`KIT PRINC EMBRAG` frente a `KIT AUX EMBRAG`,
SELENOIDE,solenoide,pieza,ambos,64,categoria: SELENOIDE SWICHE ARRANQUE ; SELENOIDE CARBURADOR | nombre: HY TERRAC 2.9 SELENOIDE ; HY TUCS IX 12- VALVULA SELENOIDE A/T,alta,"Typo de solenoide; SELENOIDE CARBURADOR, SELENOIDE SWICHE ARRANQUE",
UP,en adelante (desde ese año),atributo,nombre,63,nombre: MZ 1.6 1.8 73-75 UP ; NS JR  78-  UP,media,"`NS JR 78- UP`, `MZ 1.6 1.8 73-75 UP`, `MT L-200 90/UP`: equivale al `AA-` de la guía §7. Inferencia",
X2,juego de 2 piezas (cantidad),atributo,nombre,61,nombre: CH DMAX 05-13 X2 DT NS K24 CCNR ; CH SAIL 1.5 18- X2 ARMADO,media,"`X2` tras la pieza: `CABEZOT PQÑ X8` frente a `CABEZOT GRD X10` (válvulas/pernos por juego), `MANGUERAS X2`. Inferencia",
DIREC,dirección,pieza,ambos,60,categoria: KIT DIREC HIDRAUL | nombre: CH COR 1.3-1.6 PALANCA DIREC ; KIA XCITE MANGUERA BOMBA DIREC,alta,"DIRECCION escrito completo (TERMINAL DIRECCION, BOMBA DIRECCION)",
F2,código de motor (no se expande),atributo,nombre,60,nombre: MZ 2.2 BT50 /2 F2 2.0 F8 KIA SPORTG -03 ; KIA SPORTG -03 MZ 2.2 BT50 F2,media,`MZ 2.2 BT50 /2 F2 2.0 F8`: junto a otros códigos y cilindradas,
EMBRAG,embrague,pieza,ambos,59,categoria: KIT PRINC EMBRAG ; KIT AUX EMBRAG | nombre: HY I10 1.1 11- HORQUILLA EMBRAG,alta,"EMBRAGUE escrito completo (EMBRAGUE KIT, CILIND PRIN EMBRAGUE)",
HIDRAU,hidráulico,atributo,ambos,59,categoria: POLEA BOMBA AGUA E HIDRAU | nombre: ACEI HIDRAU ATF CVT 1/4 HYUNDAI ; KIA PREG HIDRAU CH LUV 2.3,alta,"`POLEA BOMBA AGUA E HIDRAU`, `ACEI HIDRAU ATF`; HIDRAUL escrito casi completo",
D/M,dirección mecánica,atributo,nombre,57,nombre: KIA PICANTO R 12- D/M ; KIA RIO 18- D/M,media,Par de D/H en DIRECCION COMPLETA (`KIA RIO 18- D/M`); ninguna fila lo escribe completo. Inferencia por el par,
SUSPENS,suspensión,pieza,categoria,55,categoria: PASADOR MESA SUSPENS,alta,PASADOR MESA SUSPENS junto a MESA SUSPENSION,
COMPL,completo/a,atributo,nombre,52,nombre: HY MATRIX COMPL ; HY ACC 1.6 06- CVVT COMPL,alta,Misma palabra abreviada: `HY MATRIX COMPL`,
UNIV,universal,atributo,nombre,52,nombre: UNIV ABRAZADERA MANGUERA VERNA ; LAINAS UNIV,alta,Guía §10.bis: modificador de alcance; `UNIV ABRAZADERA MANGUERA VERNA`,
FC,Ford Courier (ver MZ F.C),atributo,nombre,51,nombre: MZ 2.0 FC 88-    1era ; MZ BT50 2.2 2.0 FC  88- 5/8,media,`MZ 2.0 FC 88-`; sin puntos,
KNOCK,sensor de detonación (knock),pieza,categoria,51,categoria: SEN KNOCK | nombre: HY TUCS NX 21- KNOCK,media,"Categoría `SEN KNOCK`; anglicismo, la fila no traduce",
PQÑ,pequeño,atributo,nombre,51,nombre: KIA CARNIVAL 2.9 CABEZOT PQÑ X8,alta,PEQUEÑO escrito completo en 11 nombres; par de GRD: `CABEZOT PQÑ X8` frente a `CABEZOT GRD X10`,
ACT,¿actuador? ¿activo?,pieza,nombre,49,nombre: HY TUC 05- LH GAS KIA SPORTAG ACT ; HY TUCS 05- RH KIA SPORTAG ACT,baja,`KIA SPORTAG ACT` en AMORTIG DELT/POST y `VALVULA ACT DE ADM`. Pregunta al dueño,
T/A,transmisión automática,atributo,nombre,49,nombre: HY TUCS IX KIA SPORTG R T/A ; HY STA FE 2.7 -06 C/A T/A,alta,Guía §9; `HY STA FE 2.7 -06 C/A T/A`,
DIRECC,dirección,pieza,ambos,48,categoria: BRAZO DIRECC RH | nombre: CH ASTRA 2.0 02-09 P/DIRECC ; CH LUV 2.3 DIRECC 16*41,alta,BRAZO DIRECC RH junto a TERMINAL DIRECCION,
MAP,sensor de presión del múltiple (MAP),pieza,categoria,48,categoria: SEN MAP,media,"Categoría `SEN MAP`; el nombre completo es sigla internacional, no está escrito en la fila",
IZQ,izquierdo,posicion,nombre,47,nombre: MZ ALEG 1.6 IZQ ; HY GETZ DELT IZQ,alta,Palabra cortada: `HY GETZ DELT IZQ`,
MAF,sensor de flujo de aire (MAF),pieza,categoria,47,categoria: SEN MAF F/AIRE | nombre: 317 SENSOR MAF SONATA 2016,alta,Categoría `SEN MAF F/AIRE`: F/AIRE = flujo de aire,
P/D/R,"¿plato, disco y rulimán? (kit de embrague)",pieza,nombre,47,nombre: CH LUV DMAX 3.5 6VD1 TRO LUV 3.2 P/D/R ; CH LUV DMAX 3.0 06-13 DSL P/D/R,baja,"Todas las filas con P/D/R están en EMBRAGUE KIT; la lectura plato/disco/rulimán es una hipótesis, ninguna fila la escribe",
F/AIRE,flujo de aire,pieza,categoria,46,categoria: SEN MAF F/AIRE,media,`SEN MAF F/AIRE`; MAF = Mass Air Flow,
M/T,transmisión manual (manual transmission),atributo,nombre,46,nombre: KIA SORENT 2.5 DSL M/T A/C ; HY TUCS TL 4*2 15- M/T SPORTAG R 15-,media,"`KIA SORENT 2.5 DSL M/T A/C`; iniciales inglesas, inferencia por el par con A/T. Ojo: `MT` en primera posición es Mitsubishi",
RADIAD,radiador,pieza,nombre,46,nombre: HY MATRIX 02- RADIAD ; HY TUCS TL 16- KIA SPORTAG GT RADIAD,alta,RADIADOR escrito completo en la categoría RADIADOR,
TODAS,alcance: todas (variante femenina de TODOS),atributo,nombre,46,nombre: TY TODAS -78 SIN LLAVE ; CH LUV DMAX  TODAS,alta,Guía §10.bis (`TY TODAS`),
ESP,¿especial? ¿espiral?,pieza,nombre,45,nombre: CH LUV DMAX 2.4 2.2 /2 ESP ; DW LAN CIEL RAC ESP,baja,"`CH LUV DMAX 2.4 2.2 /2 ESP` en CHAQ BANCADA, `DW LAN CIEL RAC ESP` en AMORTIG POST, `ESP RODILLO` en BALANCINES. Pregunta al dueño",
C/C,¿con cojinete? ¿con collarín?,atributo,nombre,44,nombre: HY TUC IX 14-15 NX C/C ; CH TAXI AVEO 5ta C/C DW TODOS,baja,`CH TAXI AVEO 5ta C/C` en RULIM CANASTILLA CAJA y `HY TUC IX 14-15 NX C/C` en RULIM VARIOS. Pregunta al dueño,
DER,derecho,posicion,nombre,44,nombre: KIA RIO 03-  DER ; KIA RIO 03- DER,alta,Palabra cortada: `KIA RIO 03- DER`,
POS,posterior (variante de POST),posicion,nombre,43,nombre: HY MATRX POS RH ELAN 1.8 00- ; HY MATRX POS LH ELAN 1.8 00-,media,`HY MATRX POS RH` / `POS LH` en BASE AMORTIGUADOR y `H350 POS` en PASTILLAS DE FRENO; variante de POST por contexto,
PAQUET,paquete (de resortes),pieza,categoria,42,categoria: CAUCHO Y BOCIN PAQUET,media,`CAUCHO Y BOCIN PAQUET` y COLGANTES DE PAQUETES (escrito completo),
TPS,sensor de posición de la mariposa (TPS),pieza,categoria,42,categoria: SEN TPS THROTTLE,alta,Categoría `SEN TPS THROTTLE`: THROTTLE = mariposa,
C/BASE,con base,atributo,nombre,41,nombre: CH SAIL 1.5 18- COMPLT C/BASE ; HY H100 C/BASE,alta,Guía §9,
IAC,válvula/sensor de control de aire en ralentí (IAC),pieza,categoria,41,categoria: SEN IAC,media,"Categoría `SEN IAC`; sigla internacional, la fila no la escribe",
OUTPUT,salida (eje de salida de la caja),atributo,nombre,41,nombre: KIA STONIC 21- 6TA OUTPUT ; KIA STONIC 21- 3RA OUTPUT,media,"`KIA STONIC 21- 6TA OUTPUT` en PIÑON CAJA CAMBIOS; anglicismo, ninguna fila traduce",
B/FRENO,bomba de freno (¿o booster?),pieza,categoria,40,categoria: VALVULA B/FRENO | nombre: CH SAIL 1.5 18- TAPA B/FRENO,baja,`VALVULA B/FRENO` y `TAPA B/FRENO`: ¿B/FRENO es la bomba de freno (cilindro maestro) o el servofreno? Pregunta al dueño,
C/A,con aire acondicionado,atributo,nombre,40,nombre: CH COR EVOL S/A REN CLIO C/A ; HY STA FE 2.7 -06 C/A T/A,media,`C/A` y `S/A` en BANDA MULTIPLE ACANALADA y RADIADOR (las bandas y radiadores cambian con A/C). Inferencia,
REV,reversa,atributo,nombre,40,nombre: CH SAIL 1.5 18- REV ; HY TUCS NX 21- RIEL 5TA REV,alta,`HY TUCS NX 21- RIEL 5TA REV`: marcha atrás en cajas de cambio,
PCV,válvula PCV (ventilación del cárter),pieza,nombre,39,nombre: HY TUCS NX 21- CRETA 1.5 21- PCV ; CH AVEO OPTRA DW NUB PCV,media,"`CH AVEO OPTRA DW NUB PCV` en la categoría VALVULA DE DESFOGUE; sigla internacional, la fila no la escribe",
C/ACELERACION,con aceleración (¿electrónica?),atributo,nombre,38,nombre: HY STA FE 2.7 -06 C/ACELERACION ; HY ACC 1.6 12-18 C/ACELERACION,baja,`C/ACELERACION` solo en SEN EGR/CUERPO ACER/VAL CVVT. No sé qué distingue. Pregunta al dueño,
GAL,galón,atributo,nombre,38,nombre: ACEITE 15W40 GAL ; ACEITE 5W30 GAL SINTEC,alta,`ACEITE 15W40 GAL`: unidad de venta de aceites,
MEX,origen México,atributo,nombre,38,nombre: DT 1.5   MEX ; DT 1.3 1.5 1.6 MEX /2/,media,"`DT 1.5 MEX`, `NS J18 MEX /2/`: por analogía con /TW /JP; no está en la guía",
B/ACEITE,bomba de aceite,pieza,ambos,37,categoria: CADENA B/ACEITE | nombre: KIA CARNIVAL 2.9 CERNIDERA B/ACEITE ; HY CRETA 1.5 21- INF B/ACEITE,media,"`CADENA B/ACEITE` y `PARTES BOMBA ACEITE` / BOMBA DE ACEITE; el prefijo B/ es ambiguo (barra, bomba, base), por eso media",
PEQ,pequeño,atributo,nombre,37,nombre: TERMINAL SOCKER INYECT PEQ ; HY TUC 05- ELAN 06- I30 FORT PEQ,alta,`HY VER TEMP TUBO POST HUEC/PEQ`; mismo significado que PQÑ,
S/BASE,sin base,atributo,nombre,36,nombre: HY VER 00- S/BASE ; HY TUCS IX STA FE 2.4 10- S/BASE PQÑ,alta,Guía §9,
SWICHE,switch (interruptor),pieza,categoria,36,categoria: SELENOIDE SWICHE ARRANQUE,alta,SELENOIDE SWICHE ARRANQUE; variante con E final,
X3,juego de 3 piezas (cantidad),atributo,nombre,36,nombre: KIA CARENS 1.8  154D X3 ; HY STA FE 2.7 -04 V6 X3,media,"`X3` tras la pieza: `CABEZOT PQÑ X8` frente a `CABEZOT GRD X10` (válvulas/pernos por juego), `MANGUERAS X2`. Inferencia",
24V,motor de 24 válvulas (o 24 voltios en camiones),atributo,nombre,35,nombre: HY VERACRUZ 3.8 24V CARNIVAL 3.3 R SORENT X12,media,Guía §9; `CH ISUZ CAMION ... 24 V` usa 24 V como voltaje,
VELOC,velocidad / velocímetro,pieza,categoria,34,categoria: SEN VELOC | nombre: MZ 323 PIÑON VELOC,media,`SEN VELOC` y `PIÑON VELOC`; VELOCIMETRO escrito completo en otras categorías,
DTS,¿dientes? (¿Datsun?),pieza,nombre,31,nombre: HY ACC 12- CER FORT ELANT 8 DTS ; HY VER SZ VIT MZ 2.0 8 DTS,baja,`8 DTS` en MOTOR ARRANQUE y BENDIX DEL ARRANQUE (dientes); `NS DTS 1500 J/P` parece otra cosa. Pregunta al dueño,
ELEVA,elevador (de vidrio),pieza,ambos,31,categoria: SWICH ELEVA VIDRIO | nombre: CH SAIL 1.5 18- ELEVA VIDRIO DEL RH,media,`SWICH ELEVA VIDRIO`; ELEVA = elevador o elevalunas,
F.C.,Ford Courier (ver MZ F.C),atributo,nombre,31,nombre: MZ 1.6 1.8 F.C. -77 ; MZ 1.8 F.C.   MA.MV. /TW,media,`MZ 1.6 1.8 F.C. -77`,
A DISPONIBLE,¿? (familia de categorías `A DISPONIBLE` + algo),ruido,categoria,30,categoria: A DISPONIBLE BATERIAS ; A DISPONIBLE PARABRISAS | nombre: BATERIA BOSCH 13 PLACAS ; DT 1200 71-79,baja,"30 filas repartidas en A DISPONIBLE BATERIAS (13), SILVINES (9), PARABRISAS (5), CAUCHO PLUMA (2) y SOKER (1): nombres de repuestos reales (`DT 1200 71-79`, `SUZUKI FORZA BORNE DELGADO`) sin stock. Pregunta al dueño",
P/D,¿plato y disco? (kit de embrague),pieza,nombre,29,nombre: HY STA FE 2.7 06- P/D CAMBIO VOLANTE SOLIDO ; CH GRAN VIT SZ 2.7 P/D,baja,Todas están en EMBRAGUE KIT; misma hipótesis que P/D/R,
PUENT,puente,pieza,nombre,29,nombre: CH SPARK GT BEAT PUENT POST ; HY TUCS TL 16- PUENT DELT,alta,PUENTE DELANTERO / PUENTE POSTERIOR escritos completos,
CERNIDERA,cernidera (colador de la bomba de combustible),pieza,nombre,28,nombre: HY MATRIX CERNIDERA ; HY ACC 06- CERNIDERA,media,`HY MATRIX CERNIDERA` en PART BOMBA GAS y `CERNIDERA B/ACEITE`; el significado es del oficio,
6TA,sexta marcha,atributo,nombre,27,nombre: KIA STONIC 21- 6TA OUTPUT ; HY CRETA 1.5 21- 6TA OUTPUT,alta,"Ordinal de caja de cambios (`PIÑON CAJA CAMBIOS`, `HORQUILLA CAJA CAMBIOS`)",
CRPO,cuerpo (de aceleración),pieza,nombre,26,nombre: HY CRETA 1.6 17- B CRPO ACELERACION ; HY GRAND I10 1.2 15- O-RING CRPO ACELERACION,alta,`CRPO ACELERACION` y la categoría `SEN EGR/CUERPO ACER/VAL CVVT` (CUERPO escrito completo),
MM,milímetros,atributo,nombre,26,nombre: MZ 1.6 /3   NA VB 78 MM ; RACKS2000*600*2000 mm Main Rack,alta,Guía §7.2: va tras los rangos de diámetro (`25-38 mm`),
OTROS,no es un repuesto de vehículo (mezcla de artículos y servicios),ruido,categoria,26,categoria: OTROS | nombre: BATERIA 68.4V/30000mAh ; Z SERVICIO DE WHATICKET,media,"26 filas: `BATERIA 68.4V/30000mAh`, `Z SERVICIO DE WHATICKET`, `Z 12% IVA IMPORTACIONES`; no es una categoría de repuestos",
PARQ,parqueo (luces de estacionamiento),pieza,nombre,26,nombre: HY H1 TQ 08- PARQ ; DW LANOS PARQ,media,`PARQ` en SWICH LUCES O PLUMAS (26 filas); el significado es inferido,
F.C,Ford Courier (ver MZ F.C),atributo,nombre,25,nombre: MZ 1.6 F.C ; MZ 1.6  F.C 71-82,media,`MZ F. COURIER` escrito completo y `MZ 1.6 F.C 71-82`; ver el diccionario de modelos,
S/ABS,sin ABS,atributo,nombre,25,nombre: HY ELAN 1.6 12- S/ABS ; KIA PICANTO R 1.0 1.1 S/ABS,alta,Guía §9: S/ = sin,
4X2,tracción 4x2,atributo,nombre,24,nombre: CH DMAX 2.4 4X2 5-13  DEL ; MT L200 96- 4X2,alta,Guía §9,
4X4,tracción 4x4,atributo,nombre,24,categoria: CANDADOS 4X4 | nombre: MT MONT 85- L200 4x4/JP ; TY 1.6 1.8 4X4 78-81,alta,Guía §9,
B/TAPA,base de tapa (¿?),pieza,nombre,24,nombre: HY ACC 12-18 B/TAPA RADIADOR ; CH GRAN VIT SZ 2.0 2.4 B/TAPA RADIADOR,baja,`HY ACC 12-18 B/TAPA RADIADOR` en TERMOSTATO ARMADO Y TAPAS: ¿B/TAPA RADIADOR es base de tapa o botella de tapa? Pregunta al dueño,
COMPUT/CABLEADO,computadora / cableado,pieza,categoria,24,categoria: SEN COMPUT/CABLEADO,media,Categoría `SEN COMPUT/CABLEADO` (24 filas): sensor de computadora o cableado; no queda claro,
ABRASAD,abrazadera,pieza,categoria,22,categoria: ABRASAD ESTABILZ,alta,ABRASAD ESTABILZ; `UNIV ABRAZADERA MANGUERA VERNA` aparece bien escrito,
B/ACEIT,bomba de aceite,pieza,categoria,22,categoria: PINON DISTRIB B/ACEIT | nombre: HY STA FE 2.4 10- PERNO B/ACEIT ; HY STA FE 2.4 10- PERNO B/ACEIT PQÑ,media,`PINON DISTRIB B/ACEIT`; igual ambigüedad del prefijo B/,
ESTABILZ,estabilizador,pieza,categoria,22,categoria: ABRASAD ESTABILZ,alta,ABRASAD ESTABILZ: variante con la I comida; mismo significado que ESTABILIZ,
PARTS,partes de,pieza,categoria,22,categoria: PARTS RADIADOR,alta,`PARTS RADIADOR`: inglés pegado a la misma idea que PART,
S/R,¿sin ranura? ¿sin rebaje?,atributo,nombre,22,nombre: CH COR 1.8 /0 EVOL S/R ; CH COR 1.3 /3 S/R,baja,Par de C/R en PISTONES (`CH COR 1.8 /0 EVOL S/R`). Pregunta al dueño,
EX/AD,escape y admisión (válvulas),pieza,nombre,21,nombre: CH GRAN VIT EX/AD ; HY STA FE 2.2 DSL EX/AD,media,`CH GRAN VIT EX/AD` en GUIAS DE VALVULA; el orden se invierte en otras filas. Inferencia,
SPEED,velocidad (marcha),atributo,nombre,21,nombre: HY ACC 12- 4TA SPEED ; HY I10 1.1 11- KIA PICANT 4TA SPEED,media,`HY ACC 12- 4TA SPEED` junto a 4TA; inglés pegado a la misma idea,
X6,juego de 6 piezas (cantidad),atributo,nombre,21,nombre: KIA PICANT R 12- 3C GRAND I10  3C X6 ; HY TERRAC 3.5 X6,media,"`X6` tras la pieza: `CABEZOT PQÑ X8` frente a `CABEZOT GRD X10` (válvulas/pernos por juego), `MANGUERAS X2`. Inferencia",
C/SENSOR,con sensor,atributo,nombre,20,nombre: HY ACC 12-18 CRETA 1.6 BASE C/SENSOR RIO R SOUL ; CH OPTRA 1.8 C/SENSOR,alta,Palabra completa tras C/: `CH OPTRA 1.8 C/SENSOR`,
COMP,¿compresor? ¿completo?,pieza,nombre,20,nombre: SZ FORSA II  COMP ; HY VER 1.5 COMP,baja,"`SZ FORSA II COMP`, `HY VER 1.5 COMP`, `BOMBA COMP GASOLI`: no queda claro. Pregunta al dueño",
USA,origen Estados Unidos,atributo,nombre,20,nombre: DT 1.2 1.4 /USA ; MT MONT 86-/USA,alta,Guía §8.bis lista /USA; `DT 1.2 1.4 /USA`,
C/AIRBAG,con airbag,atributo,nombre,19,nombre: HY ACC 16- C/AIRBAG ; HY TERRAC C/AIRBAG,alta,Guía §9,
LATA,¿base de lata/metálica?,pieza,nombre,19,nombre: CH TAX AVE DEL LATA ; HY ACC 12- DELT LATA,baja,"`BASE LATA`, `DELT LATA` en BASE AMORTIGUADOR: ¿distingue base de lata frente a otro material? Pregunta al dueño",
MECANIS,mecanismo,pieza,categoria,19,categoria: MECANIS PLUMAS,alta,MECANIS PLUMAS: palabra cortada,
VALVUL,válvula,pieza,categoria,19,categoria: RESORTES Y ASIENTOS DE VALVUL | nombre: CH OPTRA 1.8 HB 08- S/SELLOS DE VALVUL,alta,RESORTES Y ASIENTOS DE VALVUL (cortado),
X12,juego de 12 piezas (cantidad),atributo,nombre,19,nombre: HY VERACRUZ 3.8 24V CARNIVAL 3.3 R SORENT X12,media,"`X12` tras la pieza: `CABEZOT PQÑ X8` frente a `CABEZOT GRD X10` (válvulas/pernos por juego), `MANGUERAS X2`. Inferencia",
ACELER,acelerador,pieza,nombre,18,nombre: HY STA FE 2.2 2.7 PEDAL ACELER ; KIA SOLUTO 19- PEDAL ACELER,alta,`PEDAL ACELER`; CABLE ACELERADOR escrito completo,
CRDI,diesel de inyección directa (CRDi),atributo,nombre,17,nombre: MZ 2.6 BT50 CRDI ; MZ BT50 2.5  DIESEL CRDI,alta,Guía §9 lo lista como combustible diesel; `MZ BT50 2.5 DIESEL CRDI` lo junta con DIESEL,
ELECTR,electrónico,atributo,nombre,17,nombre: HY CRETA 1.6 17-19 M/CONTRO ELECTR ; HY ACC 1.6 22- M/CONTRO ELECTR,media,`M/CONTRO ELECTR` en DIRECCION COMPLETA; par de C/ELECTRON,
RAD,radiador,pieza,nombre,17,nombre: HY H1 STAREX 02- RAD COMPLT ; KIA SPORTAG 09- LH G/POLV RAD,media,`HY H1 STAREX 02- RAD COMPLT` en RESERVORIO DE AGUA; `LH G/POLV RAD`. Confirmar,
C/ELECTRON,con electrónica (dirección con módulo electrónico),atributo,nombre,16,nombre: HY ACC 12- 1.6 12-14 C/ELECTRON ; HY ELANT 08-11 C/ELECTRON,media,"`C/ELECTRON` en DIRECCION COMPLETA (16 filas), junto a D/H y D/M. Inferencia",
1ERA,primera marcha,atributo,nombre,15,nombre: MZ 2.0 FC 88-    1era ; CH TAXI AVEO 1era C/C 33*37*26,alta,Ordinal escrito en minúsculas `1era` (`CH TAXI AVEO 1era C/C`),
DISEL,diesel,atributo,nombre,15,nombre: TY DINA DISEL 82-84 ; FORD TRADER T 3000    DISEL/2/,alta,Typo de diesel: `FORD TRADER T 3000 DISEL/2/`,
S/A,sin aire acondicionado,atributo,nombre,15,nombre: CH COR EVOL S/A REN CLIO C/A ; HY ACC 12- S/A,media,Par de C/A en BANDA MULTIPLE ACANALADA. Inferencia,
STOPPER,tope (caucho tope),pieza,nombre,15,nombre: HY CRETA 1.6 1.5 17- CAUCHO STOPPER POST ; KIA PICANTO 18- STOPPER,media,`CAUCHO STOPPER POST` en BASE AMORTIGUADOR; anglicismo de tope,
TERMOST,termostato,pieza,nombre,15,nombre: KIA PICANTO 18- TAPA TERMOST ; HY TUCS 05- MANG TOMA TERMOST LLEVA 2,alta,TERMOSTATO escrito completo en TERMOSTATO ARMADO Y TAPAS,
B/AGUA,bomba de agua,pieza,nombre,14,nombre: HY ACC 06- XCITE VER GETZ B/AGUA ; HY H350 17- POLEA B/AGUA,alta,BOMBA DE AGUA es una categoría escrita completa; `POLEA B/AGUA`,
ELEC/VENT,electroventilador,pieza,categoria,14,categoria: MOTOR ELEC/VENT,alta,ELECTRO VENTILADOR es una categoría escrita completa; `MOTOR ELEC/VENT`,
TEMP,¿templador? ¿temperatura?,pieza,nombre,14,nombre: KIA SORENT 2.5 TEMP CAD PRINC ; HY VER TEMP TUBO POST HUEC/PEQ,baja,"`KIA SORENT 2.5 TEMP CAD PRINC` en TEMPLADOR CADENA DISTRIBUCION, pero SENSOR TEMPERATURA existe. Pregunta al dueño",
EMPAQ,empaque,pieza,nombre,13,nombre: CH AVEO EMPAQ BOMBA O-RING ; HY H1 TQ 07- EMPAQ UNION,alta,EMPAQUE escrito completo como categoría,
GUARDAPOLV,guardapolvo,pieza,nombre,13,nombre: HY CRETA 1.6 17- GUARDAPOLV AMORTIGUADOR DELT ; HY TUCS NX 21- GUARDAPOLV POST,alta,`HY CRETA 1.6 17- GUARDAPOLV AMORTIGUADOR DELT`,
C/COR,¿con corona? ¿con cordón?,atributo,nombre,12,nombre: TY 2.0 2F DY C/COR ; HY H100 C/COR PEQÑ,baja,"`TY 2.0 2F DY C/COR`, `HY H100 C/COR PEQÑ` en RULIM SERIE 3000/VARIOS. Pregunta al dueño",
CIL,cilindros,atributo,nombre,12,nombre: SZ FORZA  1.3  4 CIL ; CH SPARK 1.0  4 CIL 2004-,alta,`4 CIL`: número de cilindros,
DISPONIBLE,¿? (categoría de ítems sin clasificar),ruido,categoria,12,categoria: DISPONIBLE | nombre: DW RACER CIELO SIN FIN ; XELIM,baja,"12 filas activas con nombres mezclados (`1 UNIV REFORSADA 5/16x250`, `DW RACER CIELO SIN FIN`, `XELIM`). Pregunta al dueño qué significa",
TRICETA,trizeta (junta de la homocinética),pieza,nombre,12,nombre: REN LOGAN SAND -11 16V TRICETA ; TY TERCEL SOLO TRICETA,media,En HOMOC INT; la fila `FESTIVA 90/93 TRIZETA` la escribe con Z. Que sea la junta interna es vocabulario del oficio,
BALANC,¿balancín? ¿balanceador?,pieza,nombre,11,nombre: KIA SORENT 2.5 PIÑON EJE BALANC RH ; HY H1 TQ H100 DSL BALANC 17*28*7,baja,"`KIA SORENT 2.5 PIÑON EJE BALANC RH` parece eje balanceador, mientras que BALANCINES es otra categoría. Pregunta al dueño",
HYD,híbrido (¿?),atributo,nombre,11,nombre: HY SONATA HYD 20-COBERTOR MOTOR INF ; KIA OPTIMA HYD 16- LH HY SONATA HYD 18-,media,"`HY SONATA HYD 20-`, `KIA OPTIMA HYD 16-`: mismos modelos que HYB/HYBRID. Pregunta al dueño si HYD = híbrido",
PEQUEÑO,pequeño,atributo,nombre,11,nombre: NS SEN 1.8 B15 QG18  RECTO PEQUEÑO ; Z SOBRE MANILA PEQUEÑO,alta,Escrito completo: `NS SEN 1.8 B15 QG18 RECTO PEQUEÑO`,
ABRASADERA,abrazadera,pieza,categoria,10,categoria: ABRASADERA,alta,Categoría ABRASADERA: typo de abrazadera (S por Z),
AMORT,amortiguador,pieza,nombre,10,nombre: X MZ 323 TOPE AMORT ; 295 AMORT CAJUELA HY ATOS PRIME 1.1 2007,alta,`X MZ 323 TOPE AMORT`; AMORTIGUADOR escrito completo,
B/LEVA,barra de levas (árbol de levas),pieza,nombre,10,nombre: SZ FORZA VITARA B/LEVA ; MZ BT50 2.5 DSL B/LEVA,alta,Misma sigla sin la S final: `SZ FORZA VITARA B/LEVA`,
C/R,¿con ranura? ¿con rebaje?,atributo,nombre,10,nombre: CH COR 1.6 /0 C/R ; CH COR 1.4 /2 C/R,baja,Par de S/R en PISTONES (`CH COR 1.6 /0 C/R`). Pregunta al dueño,
F.,Ford ¿Courier? (ver MZ F),atributo,nombre,10,nombre: MZ 1.6 2.0 2.2  F. C  UP /TW ; MZ F. C. PONY MITSUBISHI,baja,"`MZ F. C. PONY MITSUBISHI`; una letra y un punto, ambiguo",
PUPO,¿?,pieza,nombre,10,nombre: HY H1 GAS STA FE 2.4 H1 PUPO ELANT-95 ; SZ VIT 3/5P STEEM 0.9 MZ 2.2 PUPO,baja,`HY H1 GAS STA FE 2.4 H1 PUPO ELANT-95` (TEMPLADOR BANDA DISTRIB) y `SZ VIT ... PUPO` (TAPA RADIADOR). No sé qué es. Pregunta al dueño,
RESERV,reservorio,pieza,nombre,10,nombre: CH TAXI AVEO TAPA RESERV PLUMAS ; KIA CARNIVAL 2.9 RESERV PLUMAS,alta,"RESERVORIO escrito completo (RESERVORIO DE AGUA, RESERVORIO D/H)",
ACTIVOS FIJOS,no es un repuesto: activos fijos de la empresa,ruido,categoria,8,categoria: ACTIVOS FIJOS | nombre: COMPUTADORA PORTATIL ; XCAVATOR HT25,alta,"8 filas: `COMPUTADORA PORTATIL`, `XCAVATOR HT25`",
CAD,cadena,pieza,nombre,7,nombre: KIA SORENT 2.5 TEMP CAD PRINC,media,`TEMP CAD PRINC` en TEMPLADOR CADENA DISTRIBUCION; CADENA escrito completo,
BOMB,bomba,pieza,nombre,6,nombre: HY H1 TQ 07- BOMB INYEC ; HY H1 TQ 07- BOMB INYEC,alta,`BOMB INYEC` en BOMBA COMPLETA COMBUST INYEC,
DEVOLUCIONES,¿devoluciones de clientes? (la categoría contiene repuestos reales),ruido,categoria,6,categoria: DEVOLUCIONES | nombre: DT NISSAN ; TY TODOS,media,"6 filas con nombres de repuesto (`DT NISSAN`, `TY TODOS`) y sin stock; la categoría sugiere devoluciones, pero los nombres son de vehículos. Confirmar",
X10,juego de 10 piezas (cantidad),atributo,nombre,6,nombre: KIA CARNIVAL 2.9 CABEZOT GRD X10 ; KIA PICANTO 18- I10 1.2 08-23 PERNO CABEZOTE X10,media,"`X10` tras la pieza: `CABEZOT PQÑ X8` frente a `CABEZOT GRD X10` (válvulas/pernos por juego), `MANGUERAS X2`. Inferencia",
ACELERAD,acelerador,pieza,categoria,5,categoria: ACOPLE VARILLA ACELERAD,alta,CABLE ACELERADOR escrito completo; `ACOPLE VARILLA ACELERAD`,
KO,origen Corea (sufijo /KO),atributo,nombre,5,nombre: MT CANTER 4D32/KO ; MT G41 MULITA   /4/KO,media,`MT CANTER 4D32/KO`; la guía usa /K y /KR para Corea; KO no está listado,
PLUMA,pluma (limpiaparabrisas),pieza,nombre,5,categoria: A DISPONIBLE CAUCHO PLUMA | nombre: HY GRAND I10 1.2 15- RH PLUMA,media,A DISPONIBLE CAUCHO PLUMA; singular de PLUMAS,
4WD,tracción 4x4 (4WD),atributo,nombre,4,nombre: MT L200 4WD 82/97 ; MT MONT 84/92 L200 4WD 2.0,alta,`MT L200 4WD 82/97`,
X5,juego de 5 piezas (cantidad),atributo,nombre,4,nombre: KIA NIRO IONIQ 1.6 KAPA 17-19 X5 ; CH SAIL 1.5 CAVALIER GROOVE CAPTIVA 1.5T X5,media,"`X5` tras la pieza: `CABEZOT PQÑ X8` frente a `CABEZOT GRD X10` (válvulas/pernos por juego), `MANGUERAS X2`. Inferencia",
J/P,origen Japón (J/P),atributo,nombre,3,nombre: NS DTS 1500        J/P ; DT 1300 1500     J/P,media,"`NS DTS 1500 J/P`, `DT 1300 1500 J/P`: otra escritura de Japón",
TDC,sensor de punto muerto superior (TDC),pieza,categoria,3,categoria: SEN TDC HALL | nombre: KIA CARENS II 1.8 TDC HALL B/LEVAS,media,Categoría `SEN TDC HALL` (3 filas); sigla internacional,
CABEZOT,cabezote,pieza,nombre,2,nombre: KIA CARNIVAL 2.9 CABEZOT PQÑ X8 ; KIA CARNIVAL 2.9 CABEZOT GRD X10,alta,CABEZOTE y CABEZOTES son categorías escritas completas,
G/POLV,guardapolvo,pieza,nombre,2,nombre: KIA SPORTAG 09- LH G/POLV RAD ; KIA SPORTAG 09- RH G/POLV RAD,alta,`KIA SPORTAG 09- LH G/POLV RAD`,
OTROS INGRESOS,no es un repuesto: ingresos distintos de ventas,ruido,categoria,1,categoria: OTROS INGRESOS | nombre: Z ARRIENDO DEL MES,alta,1 fila: `Z ARRIENDO DEL MES`,
