marca_sigla,marca,modelo_en_catalogo,tipo,filas,stock_total,MODELO_REAL_ESCRIBIR_ACA,cilindradas_en_catalogo,anios_en_catalogo,codigos_tecnicos,combustible,valvulas,n_grupos_pieza,top_grupos_pieza,ejemplo_real,NOTAS
HY,Hyundai,ACC,modelo,1248,28621,,1.6(257) 1.4(133) 1.5(31) 1.2(27) 2.9(11) 1.3(8),06-(538) 12-(380) 12-18(114) 18-(63) 17-(60) 14-(32),256MM(6) H100(4) 10MM(3) 16LB(3),GAS(8) DSL(1),16V(42) 12V(16),205,RINES(35) | RULIM VARIOS(27) | DIRECCION COMPLETA(26) | TERMOSTATO ARMADO Y TAPAS(23),HY ACC 06- 1.4 /0 XCITE GETZ 1.4,
HY,Hyundai,STA FE,modelo,1033,6771,Hyundai Santa Fe,2.4(453) 2.7(291) 2.2(225) 3.5(42) 3.3(26) 2.5(6),-06(187) 07-(152) 10-(124) 12-(94) 06-(47) 09-(35),H100(3) G4KE(2) 219D(2) 298MM(2),DSL(208) GAS(40) TURBO(3),24V(6) 16V(4),156,BASE MOTOR(37) | MESA SUSPENSION(26) | PISTONES(25) | RINES(24),HY STA FE 2.2 /0 DSL,"Cilindradas vistas en EC: 2.7 V6 173hp (2003), 2.4 y 2.2 CRDi (2010), 3.5 V6 (2011). El 3.3 probablemente es Grand Santa Fe"
HY,Hyundai,CRETA,modelo,552,1302,Hyundai Creta,1.5(257) 1.6(249) 1.2(4) 2.0(1) 1.1(1),21-(262) 17-(229) 18-(22) 15-(18) 20-(13) 22-(10),,GAS(1),,137,MANG PASO AGUA(29) | PIÑON CAJA CAMBIOS(20) | BASE AMORTIGUADOR(20) | SENSOR ABS(14),HY CRETA 1.5 21-,Desde 2016 en EC. Ensamblado en Aymesa (Quito) desde nov-2023
CH,Chevrolet,SAIL,modelo,540,15363,Chevrolet Sail,1.4(299) 1.5(255) 1.8(5) 2.2(2) 1.3(2) 3.8(2),12-(298) 18-(240) 06-(2) 19-(2) 10-(1) 04-(1),N200(12) N300(7) BT50(2) H100(2),GAS(3),12V(1),174,RULIM VARIOS(15) | RINES(13) | PIÑON CAJA CAMBIOS(11) | BASE MOTOR(11),CH SAIL 1.4 12- /0,1.4 DOHC 16V 102hp y 1.5. Version taxi oficial: Sail Life
HY,Hyundai,TUCS,modelo,528,6380,Hyundai Tucson 1a gen (JM),2.0(60) 1.8(42) 2.4(9) 2.7(8) 2.2(5) 3.5(4),05-(279) -06(10) 06-(8) 21-(8) 14-(7) 08-(7),NX4E(4) 280MM(3) 113R(3) N300(2),GAS(114) DSL(81) TURBO(2),,158,MANG PASO AGUA(15) | CHAQ BANCADA(12) | CHAQ BIELA(12) | RADIADOR(11),HY TUCS 2.0 DLS /0 SPORTAG,"~2005 a 2010, reemplazado por el ix en abr-2010"
KIA,Kia,RIO,modelo,523,9276,Kia Rio,1.4(23) 1.6(22) 1.2(15) 1.5(6) 2.9(4) 2.5(2),18-(291) 03-(69) 00-(50) 20-(32) 19-(30) 17-(26),H350(4) 235MM(2) BT50(2) 30BXW(2),DSL(1) GAS(1),,154,AMORTIG DELT(16) | BASE MOTOR(15) | PIÑON CAJA CAMBIOS(13) | BASE AMORTIGUADOR(12),KIA RIO 18-/0 HY ACC 1.4 14- KAPPA,"OJO GENERACIONES: la 1a gen DC (1999-2005) monta motores MAZDA B3/B5/B6 y NO comparte nada con las posteriores (JB 2005-11 G4EE/G4ED, UB 2011-17, YB 2016-23). Vigente en EC: 1.4L 99hp. NO asumir que comparte motor con el Soluto pese a que ambos dicen 1.4"
CH,Chevrolet,GRAN VIT,modelo,481,4537,Chevrolet Grand Vitara,2.0(153) 2.4(53) 2.5(46) 1.6(42) 2.7(29) 2.2(8),11-(22) 07-(8) 08-(8) 98-(7) 06-(7) 18-(5),J20A(14) H25A(6) J24B(2) H27A(2),,16V(6) 24V(2) 12V(1),129,RINES(22) | CHAQ BIELA(14) | CHAQ BANCADA(13) | TEMPLADOR BANDA MULTIPLE(13),CH GRAN VIT 1.6 /2 STEEM 1.6,"En Ecuador los Suzuki se catalogan bajo marca CHEVROLET (Vitara, Grand Vitara, Swift, Steem)"
HY,Hyundai,TUCS IX,submodelo,459,7825,Hyundai Tucson ix / ix35 (LM),2.0(67) 2.4(52) 1.8(40) 2.7(4) 2.9(2) 3.8(1),14-(106) -13(60) 11-(58) 10-(45) 12-(45) 13-(25),300MM(3) H100(2) L200(2) H350(2),GAS(5) DSL(2),,121,BOCIN MESA SUSP(19) | TEMPLADOR BANDA MULTIPLE(15) | MESA SUSPENSION(14) | PASTILLAS DE FRENO(14),HY TUCS IX 2.0 -13 /0 KIA SPORTG R CARENS 16-,Presentado en Ecuador el 14-abr-2010. 2.0L 164hp y 2.4L 177hp. Motor Theta-II
HY,Hyundai,H1 TQ,submodelo,445,5272,Hyundai H-1 / Grand Starex,2.5(51) 2.2(6) 2.4(2) 2.9(2) 2.7(1),07-(140) 08-(102) 16-(4) 06-(3) 15-(3) -06(2),H100(83) D4BH(6) L200(3) 300MM(3),DSL(98) TURBO(2),,161,MANG PASO AGUA(13) | FILTRO DIESEL(10) | ACCESORIOS CARROCERIA(10) | BOCIN MESA SUSP(9),HY H1 TQ DSL/0 1RA & 3RA,TQ = codigo de desarrollo del Grand Starex (2007). 2.5 CRDi diesel
KIA,Kia,CARNIVAL,modelo,437,1726,Kia Carnival,2.9(391) 2.5(45) 3.3(41) 2.7(6) 3.0(1) 1.5(1),06-(20) -14(14) -05(12) 16-(11) 15-(10) 98-05(10),L200(1) 176R(1) 13LBR(1),GAS(5) DSL(2) TURBO(1),16V(7) 24V(2),149,MESA SUSPENSION(15) | BASE MOTOR(13) | DISCO DE FRENO(11) | SENSOR ABS(8),KIA CARNIVAL 2.5 V6  CAMISAS,"Vigente gen KA4: 3500cc V6 268hp, acabados GTLine y GTLimited. Diesel 2.9 CRDi llego a EC (avisos 2005 y 2013). OJO: Grand Carnival es modelo APARTE en Ecuador"
CH,Chevrolet,LUV DMAX,REVISAR,380,2812,Chevrolet LUV D-Max,3.0(110) 2.4(98) 3.5(45) 2.5(42) 3.2(22) 2.2(6),14-(33) 15-(29) 05-(23) 06-13(17) 05-13(11) 13-(10),RT50(30) 4JH1(26) RT53(11) 4JB1(9),DSL(55) GAS(5) CRDI(2),16V(2) 8V(2),124,MESA SUSPENSION(17) | EMBRAGUE KIT(12) | FILTRO DIESEL(12) | EMPAQUES DE MOTOR(8),CH LUV DMAX 2.4 15- RT-53/0,"posible: DOS vehiculos compatibles, no un submodelo"
HY,Hyundai,TUCS NX,submodelo,371,1287,Hyundai Tucson 4a gen (NX4),1.5(3) 2.0(1),21-(377) 22-(23) 24-(2),G4NL(1),,,124,PIÑON CAJA CAMBIOS(22) | MANG PASO AGUA(20) | BOCIN MESA SUSP(19) | MESA SUSPENSION(16),HY TUCS NX 21-,2021 en adelante (coincide con el 21- del catalogo). 2.0L 154hp. Versiones GL/GLS/HGS
HY,Hyundai,I10,modelo,348,4736,,1.1(212) 1.2(128) 1.0(1),11-(92) 08-(41) 07-(19) 09-(10) 07-10(9) 18-(8),G4HG(2),,12V(4) 16V(4),120,BASE MOTOR(10) | POLEA DEL CIGUEÑAL(7) | EMPAQUES DE MOTOR(6) | BOMBA DE ACEITE(6),HY I10 1.2 08-/0 4CIL,
KIA,Kia,PICANTO,modelo,348,3222,,1.2(50) 1.0(37) 1.1(19) 1.3(2) 1.5(1),18-(223) 05-(37) 19-(14) 15-(11) 08-(10) 18-21(9),H350(1),GAS(1),,119,BASE MOTOR(17) | DIRECCION COMPLETA(11) | MANG RADIADOR(11) | MANG PASO AGUA(10),KIA PICANTO 1.0 18-,
HY,Hyundai,H100,modelo,319,1232,Hyundai H100 / Porter,2.3(4) 2.2(3) 2.4(3) 2.5(3) 1.6(2) 2.6(1),93-04(28) 92-(11) 98-(9) 96-(7) 04-(6) 96-04(5),H100(319) L300(12) D4BB(8) D4BA(6),GAS(105) DSL(54),16V(1),140,MESA SUSPENSION(10) | RINES(9) | PISTONES(8) | BANDA VENTILADOR(7),HY H100 DSL /0 D4BA,CAMION-CAMIONETA cabina adelantada. NO es una van como el H1
HY,Hyundai,VER,modelo,306,1807,Hyundai Accent Verna,1.6(57) 1.5(32) 1.2(4) 1.4(4) 1.8(2) 2.3(2),00-(68) 03-(48) 21-(10) 19-(10) -02(9) 99-03(5),1ERA(2) 110R(2) H100(2) 4G15(1),DSL(1),12V(20) 16V(12),105,PIÑON CAJA CAMBIOS(12) | BASE MOTOR(11) | SINCRONIZADO(10) | PISTONES(8),HY VER 1.5 16V/0,"MISMO AUTO QUE VERNA, unificar (306+54=360 filas). NO es Veracruz: el catalogo dice 1.5 16V y el Veracruz es SUV 3.8 V6"
HY,Hyundai,ELANT,modelo,302,1825,,1.6(99) 1.8(30) 2.0(7) 1.9(1) 1.2(1),12-(96) 06-(74) 08-(34) 07-(11) 92-95(8) 94-98(7),280MM(2) 154D(1) H100(1),GAS(4) DSL(3),,88,MESA SUSPENSION(18) | BASE MOTOR(17) | BOCIN MESA SUSP(12) | PISTONES(10),HY ELANT 1.6 /0 94-98,
CH,Chevrolet,SPARK,modelo,289,3998,Chevrolet Spark,1.0(10) 1.2(7) 1.6(5) 2.4(4) 1.1(3) 1.4(3),06-(193) -05(16) 19-(4) 16-(3) 03-(2) 17-(2),4CILIN(10) N200(7) N300(7) 10PZ(5),GAS(3),16V(4),115,RINES(10) | MANG PASO AGUA(9) | PISTONES(8) | CHAQ BIELA(8),CH SPARK /0  4cilin,"= Daewoo Matiz (M100/M150/M200), 0.8L 3cil, motor F8C. REPUESTOS INTERCAMBIABLES CON MATIZ"
CH,Chevrolet,LUV,modelo,259,2212,,2.3(99) 2.2(93) 3.2(48) 2.5(23) 2.0(10) 1.8(8),98-(3) 03-(2) 88-(2) 72-(1) 88-98(1) 02-(1),4ZD1(10) 6VD1(10) 4JA1(2) 4ZE1(2),DSL(12),6V(1),119,RINES(10) | CABLE FREN POST(9) | BASE MOTOR(8) | PISTONES(6),CH LUV 2.2 /0 VEC C/R,
NS,Nissan,SEN B13,submodelo,254,4430,Nissan Sentra 3a gen (chasis B13),1.6(46) 2.5(2) 2.7(2) 3.2(2) 1.8(1),02-(19) 07-(4) 96-(3) -98(3) 92-06(2) -94(2),KA24(4) 36DTS(2) QG18(1) 48MM(1),DSL(2) GAS(2),16V(89) 8V(6),115,GUARPOLV PUNTA EJE(8) | BASE MOTOR(7) | RETEN RD DELT Y SEMIEJE(6) | BASE AMORTIGUADOR(6),NS SEN B13 1.6 16V  X8,"1.6L, motores GA16DE/GA16DNE. En EC circulan culatas de 8 y 16 valvulas. OJO: si hay filas QG18 aca estan MAL, el QG18 es del B15"
CH,Chevrolet,SPARK GT,submodelo,251,2670,Chevrolet Spark GT,1.2(90) 1.4(1) 1.8(1),19-(29) 11-(9) 10-(6) 18-20(4) 14-20(4) 12-(3),N200(4) N300(4) 18MM(1) M300(1),GAS(6),,124,BASE MOTOR(10) | BASE AMORTIGUADOR(8) | AMORTIG DELT(8) | BANDA MULTIPLE ACANALADA(6),CH SPARK GT 19- BULON 18mm,"OTRO AUTO: M300 (2009+), deriva del concept Beat, NO del Matiz. REPUESTOS NO INTERCAMBIABLES CON SPARK/MATIZ"
CH,Chevrolet,AVEO,modelo,219,3992,Chevrolet Aveo,1.4(85) 1.6(55) 1.3(3) 2.2(1) 2.0(1) 2.5(1),10-(11) 05-(9) 03-(6) 11-(4) 12-(3) 06-(3),127DR(3) 41DTES(1) H100(1),GAS(1),16V(82),78,RINES(16) | PISTONES(8) | PORTA SINCRONIZADO(7) | SINCRONIZADO(7),CH AVEO 1.4 /0 16V,"1.4/1.6 = @ctivo (asi se escribia en EC, con arroba) | 1.6 DOHC 16V 103hp = Emotion desde jun-2007 (F16D3) | 1.5 SOHC 8V 83hp = Family (F15S3)"
KIA,Kia,STONIC,modelo,219,319,,1.5(31) 1.6(21) 1.0(9),21-(229) 17-(20) 20-(10) 19-(1),,,,89,PIÑON CAJA CAMBIOS(24) | PORTA SINCRONIZADO(15) | HORQUILLA CAJA CAMBIOS(15) | SENSOR ABS(10),KIA STONIC 21-,
CH,Chevrolet,TAX AVEO,REVISAR,211,9095,Chevrolet Aveo Family version taxi,1.4(15) 2.2(9) 2.4(3) 1.5(2),12-(18) 05-(7) 06-(6) 95-(2) -06(2) 10-(1),RT50(3) 3PIN(1),,16V(4) 8V(3),76,BOCIN PALANCA CAMBIOS(12) | BOCIN MESA SUSP(8) | TEMPLADOR BANDA MULTIPLE(7) | UÑETA EMBRAGUE(7),CH TAX AVEO COR DW LAN CIEL,"Ficha oficial Chevrolet EC 20-jul-2018. MISMA mecanica que el civil: mismo motor 1.5, suspension y frenos. Solo cambia equipamiento, machea igual que AVEO 1.5"
HY,Hyundai,GRAND I10,modelo,202,431,Hyundai Grand i10,1.2(177) 1.0(7),15-(90) 18-(53) 15-23(17) 18-20(13) 19-(9) 15-20(9),,,,81,MANG PASO AGUA(17) | PIÑON CAJA CAMBIOS(12) | BANDA MULTIPLE ACANALADA(7) | EJE RUEDA COMPLET(6),HY GRAND I10 1.2 19-,1.2L. Distinto del i10 a secas
MZ,Mazda,BT50,modelo,202,975,,2.5(74) 2.2(45) 2.6(26) 2.0(20) 1.5(2) 1.6(2),88-(11) 03-(7) 08-(6) 86-(2) 07-(2) 18-(2),BT50(202) 110D(2),DSL(76) CRDI(6) GAS(2),16V(29) 8V(19) 12V(14),86,ROTULA SUSPENSION(9) | CHAQ BIELA(7) | EMBRAGUE KIT(7) | CHAQ BANCADA(6),MZ BT50 2.5 DSL 12V /,
CH,Chevrolet,OPTRA,modelo,197,1693,,1.8(102) 2.0(2) 2.4(2),05-(49) 08-(12) -07(7) 04-(4) 07-(4) 04-05(2),2CEJAS(4) 162D(4) 169D(4) 20MM(2),,16V(3),87,BASE AMORTIGUADOR(7) | PISTONES(6) | RINES(6) | MANG PASO AGUA(6),CH OPTRA 1.8 HB/0 casi plano,
CH,Chevrolet,COR,modelo,192,1152,,1.6(42) 1.3(40) 1.4(29) 1.8(20) 2.2(1),-98(2) -00(2) 01-(2) 98-(2) -02(2) 92-(2),12MM(3) 14MM(3),,,80,PISTONES(22) | SWICH LUCES O PLUMAS(6) | RULIMANES RD/RP(6) | RINES(5),CH COR 1.3 /0 C/R,
KIA,Kia,SORENT,modelo,192,1502,,2.5(109) 3.5(49) 2.4(17) 3.3(11) 2.9(2) 3.0(2),-06(16) 06-(13) 10-(10) 04-(10) 02-06(6) 02-09(6),H350(2) 302MM(2) 125D(2) L200(1),DSL(51) GAS(1),16V(3),66,RINES(8) | VIBRADOR CADENA DISTRIBUCION(8) | PISTONES(7) | TEMPLADOR BANDA MULTIPLE(7),KIA SORENT 2.5 /0 DSL,
HY,Hyundai,TERRAC,modelo,190,1028,Hyundai Terracan,3.5(71) 2.9(57) 2.5(17) 2.4(4),01-(5) 03-(4) -06(4) 92-(3) 05-(2) 04-(1),259D(2) BT50(2) H100(1) 4G54(1),DSL(4) GAS(3),24V(2) 16V(2),83,BANDA MULTIPLE ACANALADA(7) | TEMPLADOR BANDA DISTRIB(6) | RADIADOR(6) | BARRA LINK ESTABILIZ(5),HY TERRAC 3.5 24V 30.5*105.3*6.6  X12,"Cilindradas en EC: 2.5, 2.9 y V6 3.5"
CH,Chevrolet,CAPTIVA,modelo,182,1195,Chevrolet Captiva,1.5(158) 2.4(14) 3.2(4) 3.6(3) 3.0(2),19-(136) 20-(10) 21-(3) 11-17(3) 10-(2) 08-(2),19MM(2),TURBO(1),,101,PIÑON CAJA CAMBIOS(7) | PASTILLAS DE FRENO(5) | MANG PASO AGUA(5) | MESA SUSPENSION(4),CH CAPTIVA 1.5 19- /0 PIN 19mm,2.4 / 3.0 / 1.5 Turbo
KIA,Kia,PREG,modelo,177,1934,Kia Pregio,3.0(70) 2.7(52) 2.9(31) 2.5(5) 2.3(3) 2.2(2),-05(13) 00-(8) 03-(5) 05-(5) 01-(5) 06-(5),BT50(4) 98MM(3) 99MM(2),,12V(3),77,RULIM VARIOS(7) | RULIMANES RD/RP(7) | PISTONES(5) | CHAQ BIELA(5),KIA PREG 3.0 /0,"ENSAMBLADO EN AYMESA Quito. Global 1995-2006. 2665-2957cc. Motores J2 2.7 diesel, JT 3.0 diesel (1997+), 4D56 2.5 TCi. Batalla larga = Pregio Grand, buseta 16-19 asientos. CONTRADICCION: Kia oficial dice gasolina pero todo lo demas dice diesel, verificar contra unidad real"
CH,Chevrolet,COR EVOL,submodelo,175,1304,,1.8(42) 1.4(36) 2.2(4) 1.3(2) 2.4(2) 2.0(1),02-(2) -04(2) 05-(1),C16SE(1),,,85,RINES(11) | TEMPLADOR BANDA MULTIPLE(8) | BASE MOTOR(7) | EMBRAGUE KIT(4),CH COR EVOL 1.4 /0,generacion o version
KIA,Kia,CARENS,modelo,156,775,,1.8(69) 2.0(31) 1.5(18) 2.9(2) 1.6(1),22-(15) -02(10) 02-06(10) -01(9) 02-(8) 04-06(8),154D(1) G4GC(1) 2CBL(1) 110D(1),DSL(6) GAS(5) DIESEL(1),,65,BASE MOTOR(14) | RINES(10) | DIRECCION COMPLETA(10) | RADIADOR(9),KIA CARENS 1.8 /0,
NS,Nissan,SEN,modelo,155,1733,,1.6(26) 1.8(22) 2.0(11) 2.4(2),08-13(4) 90-(2) 92-(2) 02-(2) 93-00(2) 07-13(2),QG18(8) KA24(2) MR20(2) QR25(1),,16V(55) 8V(44),60,RINES(17) | PISTONES(16) | CHAQ BANCADA(12) | CHAQ BIELA(7),NS SEN 1.8 /0 B15 QG18,
KIA,Kia,SOLUTO,modelo,155,2521,"Kia Soluto (= Kia Pegas, cod. AB)",1.4(23) 1.2(5) 1.5(4) 1.6(2) 1.1(2),19-(123) 21-(28) 18-(24) 20-(12) 12-(5) 15-(4),,,,79,SENSOR ABS(8) | AMORTIG DELT(6) | UÑETA EMBRAGUE(5) | MANG PASO AGUA(5),KIA SOLUTO 19- HY VER 19-,"Desde 2019, ENSAMBLADO EN AYMESA Ecuador. 1.4 (1353cc) 94-95hp, motor G4LC. Acabado unico: Xcite. Auto mas vendido de Ecuador en 2025"
HY,Hyundai,MATRIX,modelo,153,602,,1.8(42) 1.6(23),02-(15) 02-05(9) 01-(8) 96-(5) 00-(4) 03-(3),111D(2) 63MM(1) 111R(1) 4PTAS(1),,,78,BASE MOTOR(7) | AMORTIG POST(6) | AMORTIG DELT(6) | CHAQ BANCADA(5),HY MATRIX /0 ELANT 1.8,
KIA,Kia,PREGIO,modelo,149,1873,Kia Pregio,3.0(49) 2.7(18) 2.5(2) 1.6(1) 2.0(1) 2.3(1),06-(8) 05-(6) 01-(5) 00-(5) 01-04(2) 04-(1),H100(3) 101MM(2) 257MM(2) 1ERA(1),GAS(1),,75,ALTERNADORES(6) | RULIM CANASTILLA CAJA(5) | RULIM SERIE 3000(4) | CABEZOTES(4),KIA PREGIO 2.7 K2.7 04- CAMISAS,Idem PREG
NS,Nissan,TIIDA,modelo,145,1310,Nissan Tiida (C11),1.6(57) 1.8(21) 2.0(5) 1.5(3) 0.9(1),06-(10) 07-(9) 10-(4) 04-(4) 07-14(4) 07-11(3),MR18(13) HR16(7) MR18DE(2) HR16DE(2),,16V(7) 8V(1),73,BASE MOTOR(8) | RINES(5) | CHAQ BANCADA(5) | CHAQ BIELA(5),NS TIIDA 1.6 16V M/T 4*2 HR16DE/2,Latam 2006-2018. 1.6 HR16DE / 1.8 MR18DE
CH,Chevrolet,DMAX,modelo,140,779,,2.4(77) 2.2(38) 3.0(28) 2.5(9) 2.3(6) 3.5(5),05-13(43) 14-(24) 05-(10) 15-(6) 16-(4) 06-13(3),RT50(33) RT53(6) 4JH1(3) 4JJ1(3),DSL(4) GAS(3),12V(1) 1V(1),76,PISTONES(8) | RINES(8) | ARAÑA 0 PUNTA EJE(4) | SEN CKP P/CIGÑ(4),CH DMAX 2.4 05-13/0 C/R,
HY,Hyundai,H1,modelo,139,586,,2.4(17) 2.7(4) 1.6(3) 2.5(2) 2.6(1),-06(16) 08-(9) -07(4) 06-11(4) 04-07(2) -00(2),H100(9) L200(2) L300(2) D4BA(2),DSL(86) GAS(14) TURBO(2),,73,TEMPLADOR BANDA DISTRIB(7) | PASTILLAS DE FRENO(7) | RULIM VARIOS(7) | AMORTIG POST(5),HY H1 GAS STA FE 2.4 X8 ELANT 1.6 30.5*109.5*6.5,
HY,Hyundai,H350,modelo,135,599,,2.5(6) 1.8(1),17-(109) 18-(10) 19-(6) 04-(1),H350(135),DSL(3),,77,PASTILLAS DE FRENO(6) | TEMPLADOR BANDA MULTIPLE(5) | SINCRONIZADO(5) | BARRA DE LEVAS(4),HY H350 17-/0,
KIA,Kia,PICANTO R,submodelo,132,964,Kia Picanto 1.0L R,1.0(18) 1.2(15) 1.1(2),12-(39) 11-(16) 12-16(9) 12-15(4) 17-(2) 14-(1),3CIL(2) 14MM(1),GAS(1),,60,TERMINAL DIRECCION(6) | EMPAQUES DE MOTOR(5) | CHAQ BANCADA(5) | CHAQ BIELA(4),KIA PICANTO R 1.0  12- 3C,"1000cc, 66hp. La R aca es ACABADO (va detras de la cilindrada), no generacion"
HY,Hyundai,ATOS,modelo,126,679,,1.0(12) 1.1(7) 2.4(2),01-(36) 98-(17) 02-(11) 06-(6) 01-03(4) 05-(4),H100(3) 39CM(1) 180MM(1),,12V(2),80,RINES(5) | BASE MOTOR(5) | PISTONES(3) | EMPAQUE CABEZOTE(3),HY ATOS 1.0 /0,
HY,Hyundai,GETZ,modelo,122,760,,1.6(26) 1.4(7) 1.5(3),06-(30) 03-(16) 02-(13) -05(7) 09-14(4) 01-06(4),64MM(1),GAS(4) DSL(3),16V(2),62,BASE MOTOR(11) | AMORTIG DELT(6) | BOCIN MESA SUSP(5) | SWICH LUCES O PLUMAS(5),HY GETZ 1.5 DSL,
HY,Hyundai,TUCS TL,submodelo,120,862,Hyundai Tucson 3a gen (TL),3.3(4) 2.2(3) 2.0(1) 1.8(1),16-(66) 15-(23) 17-(16) 18-(14) 19-(5) 21-(5),,DSL(9) GAS(2),,54,AMORTIG DELT(7) | MESA SUSPENSION(6) | PASTILLAS DE FRENO(6) | ARAÑA 0 PUNTA EJE(5),HY TUCS TL DLS HY STARIA 2.2,"En EC tambien vendido como Tucson EU. ~2016, vigente en 2020. 2.0L 156hp"
KIA,Kia,RIO STYLUS,submodelo,119,1877,,1.8(4) 1.6(3) 1.5(2) 2.5(2),03-(10) 92-(2) -03(2) 11-(1) 02-(1) 08-(1),,,16V(2),67,RINES(6) | PISTONES(4) | BARRA DE LEVAS(4) | EMBRAGUE PLATO(3),KIA RIO STYLUS /0,generacion o version
CH,Chevrolet,CRUZE,modelo,115,875,,1.8(132) 1.4(9),12-(46) 11-(18) 17-(7) 13-(6) 11-17(5) 12-16(3),146DR(2),TURBO(5),,69,MESA SUSPENSION(8) | PASTILLAS DE FRENO(5) | BOMBA DE AGUA(4) | RETEN RD DELT Y SEMIEJE(4),CH CRUZE 1.8 12- /0,
CH,Chevrolet,TAXI AVEO,REVISAR,111,3850,Chevrolet Aveo Family version taxi,1.4(11) 1.5(4) 1.6(1),12-(7) 06-(7) 09-(1) 05-(1),1ERA(2) N300(2) 2PINES(1),,8V(7) 16V(2),42,MANG PASO AGUA(23) | RULIM CANASTILLA CAJA(9) | ARAÑA 0 PUNTA EJE(5) | HORQUILLA CAJA CAMBIOS(5),CH TAXI AVEO DW LAN PIN,Idem TAX AVEO
CH,Chevrolet,VAN N200,modelo,107,729,,1.2(1),08-12(2) 12-(1),N200(107) N300(70) 1ERA(1),,,72,BARRA TEMPLADOR(3) | PORTA SINCRONIZADO(3) | MANG PASO AGUA(3) | BANDA MULTIPLE ACANALADA(3),CH VAN N200 N300,nombre compuesto (la raiz sola casi no aparece)
TY,Toyota,YARIS,modelo,104,529,,1.5(18) 1.3(17) 2.7(5) 1.6(2),06-(9) 02-(4) 99-(4) 01-(3) 18-(3) 00-(3),1ZZFE(1) 3ZR1(1) 2NRFE(1) 2NZFE(1),,16V(2),54,BOBINA(6) | FILTRO AIRE(6) | MESA SUSPENSION(6) | RINES(5),TY YARIS 1.3 1.5 /0 2NZ,
HY,Hyundai,VERACRUZ,modelo,103,631,Hyundai Veracruz,3.8(75) 3.0(23) 3.3(7),07-(36) 06-(7) 07-13(6) 15-(6) 06-08(4) 08-(3),,GAS(20) DSL(15) DIESEL(1),24V(2),52,FILTRO ACEITE(6) | EMPAQUE TAPA VALVULAS(4) | CHAQ BIELA(4) | BOMBA DIRECCION(4),HY VERACRUZ 3.8 6-12/STD,SUV grande 3.8 V6 (y diesel en EC). NO confundir con VER/VERNA
NS,Nissan,XTRAIL,modelo,100,803,Nissan X-Trail,2.5(40) 2.0(10),08-(8) -07(7) 06-(6) 15-(6) 09-(3) 02-06(2),QR25(30) QR20(2) YD22(2) YD25(1),GAS(3) DSL(1),16V(4),48,PASTILLAS DE FRENO(7) | BARRA LINK ESTABILIZ(6) | BASE MOTOR(6) | KIT DISTRIBUCION(4),NS XTRAIL 2.5 T30 QR25 16V -07,"Probablemente 1a gen T30 (2000-2007), inferido porque T31 y T32 estan explicitos. CONFIRMAR con los años de las filas"
SZ,Suzuki,FORSA II,modelo,91,257,,1.6(4) 1.3(3),89-(4) 96-(2) 92-96(1) -95(1),97DR(1),,,66,BASE MOTOR(5) | MESA SUSPENSION(4) | BOCIN MESA SUSP(4) | EMPAQUES DE MOTOR(2),SZ FORSA II X3,nombre compuesto (la raiz sola casi no aparece)
KIA,Kia,SPORTAG,modelo,87,596,,2.7(6) 2.0(4) 1.8(3) 1.5(2),-03(47) 05-(9) 06-(7) 08-(5) 11-(4) 22-(4),2CLB(1),GAS(3) DSL(1),16V(19),47,BASE MOTOR(5) | PISTONES(4) | CHAQ BANCADA(4) | HOMOC EXT(4),KIA SPORTAG /0 16V -03,
DW,Daewoo,LANOS,modelo,87,135,Daewoo Lanos,1.6(2),98-(11) 02-(2) 01-02(1) 01-(1),,GAS(1),8V(3),61,PORTA SINCRONIZADO(4) | ARAÑA 0 PUNTA EJE(3) | RULIM CANASTILLA CAJA(3) | BOBINA(3),DW LANOS 8V 31*103.5*7 X4,"1.3 / 1.5 / 1.6 E-TEC. T100 (1997-2000) y T150 (2000-2002). En EC se vendio como DAEWOO, no como Chevrolet"
CH,Chevrolet,VAN N300,modelo,85,457,,,12-(4) 11-(2) 11-14(1) 15-17(1),N300(85) 87MM(1) 97MM(1),,,63,AMORTIG DELT(4) | CABLE SELEC MARCHA(4) | ARAÑA 0 PUNTA EJE(3) | VIBRADOR CADENA DISTRIBUCION(2),CH VAN N300,nombre compuesto (la raiz sola casi no aparece)
HY,Hyundai,GRAN I10,modelo,83,1552,Hyundai Grand i10,1.2(39),15-(35) -20(9) 17-(7) 18-(7) 14-(5) 19-(4),1ERA(2),,,40,AMORTIG DELT(6) | BASE MOTOR(5) | SENSOR ABS(4) | MESA SUSPENSION(4),HY GRAN I10 15- PICANT R 17-,Idem GRAND I10
KIA,Kia,SORENTO,modelo,82,421,,2.5(27) 3.3(15) 3.5(14) 2.4(5),06-(9) 10-(6) 16-(6) 14-(5) 07-(4) -09(4),H100(2),DSL(16),,43,AMORTIG DELT(12) | CILIND PRIN EMBRAGUE(4) | CABEZOTES(4) | BARRA LINK ESTABILIZ(3),KIA SORENTO 3.3 07- STD,
HY,Hyundai,TERR,modelo,81,399,,3.5(49) 2.9(31) 2.5(12) 2.6(1),01-(7) 03-06(2) 02-(1) 04-(1) 01-03(1) 05-(1),L200(4) SI7220(2) 152R(2) 259R(2),DSL(5) GAS(1),24V(6),34,ALTERNADORES(6) | FILTRO DIESEL(6) | CHAQ BANCADA(5) | SINCRONIZADO(5),HY TERR 2.9 DSL 03-06,
SZ,Suzuki,CARRY,modelo,79,136,,,98-(2) 80-(2) 95-(1) 00-(1),F10A(2),,,61,CHAQ BANCADA(5) | PISTONES(3) | VALV ESCAPE(3) | VALV ADMISION(2),SZ CARRY /0,
CH,Chevrolet,TRACKER,modelo,77,508,Chevrolet Tracker,1.8(75) 1.2(5) 1.6(1) 1.0(1),12-(25) 14-(8) 13-(7) 13-20(5) 11-(4) 21-(3),,TURBO(2),16V(1),50,MESA SUSPENSION(4) | AMORTIG DELT(4) | PARTES BOMBA ACEITE(3) | PASTILLAS DE FRENO(3),CH TRACKER 1.8 13-/2 4 CEJAS,1.2 y Turbo
HY,Hyundai,SONATA,modelo,77,340,,2.0(16) 2.4(10),15-(12) 16-(10) 16-19(8) 10-(7) 17-(5) 13-(4),,,,39,TEMPLADOR BANDA MULTIPLE(7) | BARRA LINK ESTABILIZ(5) | MESA SUSPENSION(4) | TERMINAL DIRECCION(4),HY SONATA 16- HYB OPTIMA 2.0 16,
KIA,Kia,CARENS II,submodelo,76,232,,1.8(73),03-(6) 02-06(5) 02-07(4),280MM(1) 154R(1),GAS(4),,47,SINCRONIZADO(7) | AMORTIG DELT(4) | PISTONES(3) | BASE AMORTIGUADOR(3),KIA CARENS II 1.8 /0,generacion o version
TY,Toyota,HILUX,modelo,76,480,Toyota Hilux,2.7(25) 2.4(10) 2.5(8) 3.0(1),92-(7) 90-(4) 88-(2) 07-13(2) 79-(2) 07-11(2),2TRFE(2) 1HIL(2) RN30L(1) BT50(1),DSL(7) GAS(1),16V(1),46,PASTILLAS DE FRENO(9) | ROTULA SUSPENSION(6) | BOCIN MESA SUSP(4) | MANZANA DELT(3),TY HILUX 1.6L  M/T RN30L,"5a gen 1993-1997 (2.4) y 6a gen 1998-2005 (2.4 y 2.7), ambas de SOFASA Colombia. Solo nafta"
KIA,Kia,CERATO,modelo,75,356,,1.6(18) 2.0(3) 1.8(1),04-(12) 19-(12) 04-08(8) 06-(8) -06(6) 17-(4),,GAS(2),,35,MESA SUSPENSION(8) | BASE MOTOR(7) | RADIADOR(5) | TERMINAL DIRECCION(4),KIA CERATO 04- 1.6,
MZ,Mazda,323,modelo,73,200,,1.5(15) 1.3(3) 1.2(2) 1.6(1) 2.0(1),89-(8) 80-(7) 92-(7) 96-(3) -99(2) 95-(2),16MM(1),,,41,RINES(9) | PISTONES(7) | CHAQ BANCADA(5) | MESA SUSPENSION(4),MZ 323 /0 E5 NX 89- baja,
SZ,Suzuki,S-CROSS,modelo,71,673,,1.6(22) 1.5(3) 2.4(2) 1.4(1) 2.2(1),17-(19) 18-(18) 19-(10) 18-20(6) 23-(2),,,,43,AMORTIG DELT(4) | BOMBA COMPLETA COMBUST INYEC(3) | PASTILLAS DE FRENO(3) | BASE MOTOR(3),SZ S-CROSS 1.6 19-,
CH,Chevrolet,TAXI,modelo,70,1998,,1.5(16) 2.2(4),06-(2) -06(1),15CM(1) 30DTS(1),,8V(27),28,PISTONES(9) | MANG PASO AGUA(7) | ELEVADOR VALVULA(6) | BUJIAS A GASOLINA(6),CH TAXI  /0 DW LAN CIEL RAC,
CH,Chevrolet,TAX,modelo,69,1664,,1.5(11) 1.4(11) 1.6(7) 1.8(4) 1.3(4) 2.2(2),05-(1),,,,24,RINES(9) | TAPAS DISTRIBUCION(6) | SINCRONIZADO(5) | INYECTORES(4),CH TAX /0 DW LAN CIEL 76.5mm1.5*1.5*3,
KIA,Kia,NIRO,modelo,68,414,,1.6(59),16-(34) 17-(30) 21-(2) 18-(2) 19-(1) 17-20(1),,,,43,TEMPLADOR BANDA MULTIPLE(5) | EMBRAGUE KIT(3) | MANZANA DELT(3) | DIRECCION COMPLETA(3),KIA NIRO 1.6 16- HY IONIQ 1.6 16- /0,
KIA,Kia,PICANT,modelo,67,2020,,1.1(11) 1.0(6) 2.4(3) 1.2(1),18-(22) 05-(14) 08-(8) 04-(6) 07-(6) 09-(4),R16MM(1),GAS(2),,29,MESA SUSPENSION(6) | BANDA MULTIPLE ACANALADA(5) | EJE RUEDA COMPLET(4) | AMORTIG DELT(4),KIA PICANT 04- ATOS 06- I10 08- 27*99*5.5 X4,
HY,Hyundai,TUC IX,submodelo,66,380,,2.4(22) 2.0(1),10-(36) 11-(16) 14-(12) -13(9) 14-15(3) 06-(3),,,,25,RULIM VARIOS(10) | CHAQ BANCADA(7) | CHAQ BIELA(7) | PERNOS CABEZ CIGUEÑAL BIELA(4),HY TUC IX -13 SPORTAGE R 11-,generacion o version
KIA,Kia,SOUL,modelo,66,261,,1.6(49),08-(36) 09-(7) 15-(5) 16-(2) 20-(2) 18-(2),280MM(1),,,30,AMORTIG DELT(8) | MESA SUSPENSION(4) | MANZANA POST(4) | BASE AMORTIGUADOR(3),KIA SOUL 1.6 08-,
DW,Daewoo,MATIZ,modelo,63,196,Daewoo Matiz,8.0(1),-05(7) -02(2) -04(2) 02-07(2) 98-02(1) 03-05(1),3CILIN(9) 3CIL(2) 17MM(1),,,47,RINES(6) | PISTONES(3) | RESERVORIO DE AGUA(2) | CABLE EMBRAGUE(2),DW MATIZ /0 TICO SPARK 3cilin,"= Chevrolet Spark en Ecuador. 0.8L 3cil, motor F8C (51CV). INTERCAMBIABLE CON SPARK, NO con Spark GT"
KIA,Kia,PICANT R,submodelo,62,381,Kia Picanto 1.0L R,1.0(27) 1.2(11) 1.1(4) 1.8(1),12-(31) 18-(6) 17-(5) 12-16(2) 18-19(2) 16-(2),3CIL(2) 71MM(1),,,29,PISTONES(5) | BOMBA DE ACEITE(5) | RINES(4) | EMPAQUE CABEZOTE(4),KIA PICANT R 12- 3CIL/2,Idem PICANTO R
HY,Hyundai,ACC VER,REVISAR,61,1606,,1.5(4) 2.2(2) 2.4(2) 4.2(1),98-05(6) 00-(4) -05(4) 95-04(2) 08-(2) 35-(1),54MM(3) N300(1),,12V(4),32,AMORTIG POST(6) | BOMBA PILA COMBUSTIBLE(4) | PASTILLAS DE FRENO(4) | BASE AMORTIGUADOR(4),HY ACC VER 12V,"posible: DOS vehiculos compatibles, no un submodelo"
HY,Hyundai,H1 STAREX,submodelo,61,282,,2.5(3) 2.7(1),04-(4) 02-(3) 05-(2) -06(2) 01-(1) 02-06(1),H100(8) D4BH(2) BT50(1) 12MM(1),DSL(9),,39,MANG PASO AGUA(6) | ROTULA SUSPENSION(3) | BOYA TANQUE COMBUST(2) | TERMINAL DIRECCION(2),HY H1 STAREX DSL TERRC 2.5 GUIA ALTA,generacion o version
HY,Hyundai,IONIQ,modelo,61,371,,1.6(22),17-(51) 16-(27) 17-22(4) 15-(2) 21-(2) 18-(1),,,,36,BASE MOTOR(4) | AMORTIG DELT(4) | MESA SUSPENSION(4) | PASTILLAS DE FRENO(3),HY IONIQ 1.6 16- NIRO,
NS,Nissan,SEN B15,submodelo,59,272,Nissan Sentra 5a gen (B15),1.8(18) 2.2(1),01-(1) 06-(1) 08-(1),QG18(2) 257MM(1),,16V(1),43,BASE MOTOR(5) | AMORTIG DELT(4) | BARRA DE LEVAS(2) | MESA SUSPENSION(2),NS SEN B15 1.8 QG18 16V X8,"1.8L, motor QG18DE. Global 2000-2006"
SZ,Suzuki,FORSA I,modelo,56,124,,1.6(2),,,,,33,CHAQ BIELA(7) | RINES(5) | CHAQ BANCADA(5) | SINCRONIZADO(5),SZ FORSA I II /0 3C,nombre compuesto (la raiz sola casi no aparece)
SZ,Suzuki,VIT 3P,modelo,56,277,,1.6(2) 1.3(1),98-(2) -93(2) -87(1) 00-01(1) -00(1) 91-(1),L200(1),,8V(10),38,TERMINAL DIRECCION(4) | BALANCINES(3) | RETEN RD DELT Y SEMIEJE(3) | SELLO DE VALVULA(2),SZ VIT 3P 8V,nombre compuesto (la raiz sola casi no aparece)
REN,Renault,LOGAN,modelo,56,151,Renault Logan,1.6(15) 1.4(7) 2.0(1),04-(3) -12(2) -11(2) 16-(1) -15(1) 14-16(1),,,8V(15) 16V(2),43,EMPAQUES DE MOTOR(2) | EMBRAGUE KIT(2) | EMBRAGUE PLATO(2) | CABLES BUJIAS(2),REN LOGAN,"Plataforma B0, comparte mecanica con Sandero. 1.6 16v 111CV. La 3a gen (2021+) pasa a CMF-B y NO comparte repuestos con B0"
HY,Hyundai,TUCSON,modelo,56,446,,2.0(7) 1.8(5),05-(17) 16-(4) 20-(4) 18-(3) 06-(2) 15-(2),,GAS(7) DSL(5),,30,MANG PASO AGUA(5) | EMPAQUES DE MOTOR(3) | KIT DISTRIBUCION(3) | CABEZOTES(3),HY TUCSON 05- MATRX 1.8 SPORTAG ACTIVE,
KIA,Kia,RIO R,submodelo,55,172,Kia Rio version R,1.4(4),12-(41) 12-14(2) 12-17(2) 11-(2) 08-(1) 16-17(1),,,,29,MESA SUSPENSION(6) | SENSOR ABS(4) | CINTA MODULO AIR/BAG VOLANTE(4) | EJE RUEDA COMPLET(3),KIA RIO R 1.4 AD,"La R aca es ACABADO, no generacion. Avisos EC 2017 y 2020, 1.4L"
HY,Hyundai,TUC,modelo,54,641,,2.0(22) 1.8(8) 2.5(2),06-(16) 05-(16) 22-(7) 24-(2) 21-(1),H100(2),GAS(20) DSL(1),,19,RINES(11) | PISTONES(10) | RULIM VARIOS(7) | BARRA LINK ESTABILIZ(4),HY TUC 2.0 GAS /0 SPORTAG 06- FINO,
KIA,Kia,PIC,modelo,54,586,,1.2(27) 1.1(20) 1.4(2) 1.5(2) 1.0(2) 2.7(1),18-(63) 19-(35) 11-23(8) 11-19(7) 12-(6) 08-(5),241MM(2) 16LBR(2),,,33,RULIM VARIOS(7) | VIBRADOR CADENA DISTRIBUCION(4) | DISCO DE FRENO(3) | BASE AMORTIGUADOR(3),KIA PIC 18- RIO 18- SOLUTO 19- I10 1.2 11-19 AD/EX,
HY,Hyundai,VERNA,modelo,54,359,Hyundai Accent Verna,1.4(3) 1.5(1) 1.6(1),00-05(8) 00-(6) -05(4) 19-(3) 03-(2) 03-05(2),241MM(2),,12V(2) 16V(1),35,MESA SUSPENSION(8) | ELECTRO VENTILADOR(3) | PUENTE DELANTERO(2) | DISCO DE FRENO(2),HY VERNA 00- DELT,"MISMO AUTO QUE VER, unificar"
KIA,Kia,SPORTAGE,modelo,52,287,,2.7(2) 3.2(1),-03(27) 16-(4) 22-(3) 18-(3) 15-(3) 17-(2),168D(1),,16V(6),37,ZAPATAS DE FRENO(3) | EJE RUEDA COMPLET(3) | ARAÑA 0 PUNTA EJE(3) | AMORTIG COMP/CAPOT(3),KIA SPORTAGE -03 LUV 3.2 V6 AD/EX,
HY,Hyundai,SONAT HYB,submodelo,51,570,,2.4(22) 2.0(13),16-(16) 13-(15) 13-15(3) 18-(3) 20-(3) 17-(2),G4KK(1),,,22,PASTILLAS DE FRENO(5) | PISTONES(4) | BUJIAS A GASOLINA(4) | AMORTIG POST(4),HY SONAT HYB 2.0 15-/0 KIA OPTIMA HYB 2.0 17-,generacion o version
HY,Hyundai,EXC,modelo,47,89,,1.5(9) 1.3(1),92-96(3) 92-(2) 92-94(1) 88-96(1) 87-(1),G15B(5) 4G15(4),,8V(10),28,RINES(5) | CHAQ BANCADA(5) | CHAQ BIELA(5) | PISTONES(3),HY EXC /2 MT LANC /JP,
NS,Nissan,VERSA,modelo,44,355,Nissan Versa (N17/N18),1.6(20),12-(9) 17-(5) 12-15(4) 11-(4) 16-(3) 20-(3),HR16(3),GAS(2),,30,MESA SUSPENSION(4) | BOMBA COMPLETA COMBUST INYEC(3) | DISCO DE FRENO(2) | TERMINAL DIRECCION(2),NS VERSA 1.6 16-,Sedan DISTINTO del Tiida. 1.6 HR16DE / 1.8 MR18DE
CH,Chevrolet,4ZD1,modelo,43,134,"MOTOR Isuzu 2.3, NO es un modelo",2.3(36) 2.0(5) 2.6(5),86-(6),4ZD1(43),,,16,RINES(8) | PISTONES(6) | CHAQ BANCADA(5) | CHAQ BIELA(5),CH 4ZD1 /0 LUV TRO 2.3,
SZ,Suzuki,VIT 3/5P,modelo,43,232,,1.6(1) 0.9(1) 2.2(1),99-02(1),4G54(1) 4G63(1),,16V(2),24,RINES(5) | MESA SUSPENSION(3) | RULIMANES RD/RP(3) | BOMBA DE ACEITE(2),SZ VIT 3/5P /0 SWIFT,nombre compuesto (la raiz sola casi no aparece)
NS,Nissan,FRONT,modelo,42,173,Nissan Frontier,2.4(14) 2.5(6) 2.0(2) 2.3(1) 3.0(1),05-(8) 85-(2) 20-(1) 15-(1) 19-(1),KA24(20) YD25D(8) YD25(5) NP300(5),DSL(2) DIESEL(2),16V(11),16,RINES(6) | MESA SUSPENSION(4) | TERMINAL DIRECCION(4) | BRAZO DIRECC RH(4),NS FRONT 2.4 KA24 16V/0,"MISMO VEHICULO QUE NAVARA, unificar (66+22=88 filas)"
CH,Chevrolet,TAX AVE,submodelo,41,1341,Chevrolet Aveo Family version taxi,1.4(1),06-(2),48MM(1) BT50(1),,8V(2),9,BASE AMORTIGUADOR(11) | CHAQ BANCADA(6) | CHAQ BIELA(6) | RULIM SERIE 6000(6),CH TAX AVE 8V KIT X8,Idem TAX AVEO
CH,Chevrolet,ONIX,modelo,41,183,Chevrolet Onix,1.0(19) 1.2(3) 1.4(1),20-(12) 21-(11) 19-(10) 12-(2) 22-(1) 20-24(1),33DTS(1),TURBO(8),,30,AMORTIG DELT(4) | MANG PASO AGUA(3) | BARRA DE LEVAS(2) | KIT DISTRIBUCION(2),CH ONIX 1.0,1.2 y Turbo
TY,Toyota,HIACE,modelo,40,71,,3.0(1) 2.7(1) 2.4(1) 2.6(1),05-(7) 89-(4) 95-(3) 96-(2) 08-(2) -95(1),1RZE(1),,8V(6),24,MESA SUSPENSION(4) | ROTULA SUSPENSION(4) | AXIAL DE DIRECCION(3) | PISTONES(3),TY HIACE 95- STOUT II 1RZ 2RZ POLEA BAJA,
KIA,Kia,SONET,modelo,40,122,,1.5(35),22-(26) 21-(15) 20-(3) 24-(3) 19-(2) 23-(1),,,,23,DIRECCION COMPLETA(9) | AMORTIG DELT(4) | BOMBA DE ACEITE(2) | BOMBA DE AGUA(2),KIA SONET 20- SELTOS HY ACC 24- CRETA 1.5 21-,
CH,Chevrolet,SPARK DW,submodelo,39,679,Chevrolet Spark + Daewoo Matiz,1.3(1),98-02(1),,,,26,MESA SUSPENSION(3) | CILIND RUEDA POST(3) | PASTILLAS DE FRENO(3) | BOMBA DE ACEITE(2),CH SPARK DW MATIZ X4,Correcto solo si EXCLUYE al Spark GT
KIA,Kia,SELTOS,modelo,39,205,,1.6(19) 1.5(12),20-(28) 21-(16) 19-(8) 17-(2) 22-(2),,,,23,DIRECCION COMPLETA(6) | AMORTIG DELT(4) | BASE MOTOR(3) | TEMPLADOR BANDA MULTIPLE(2),KIA SELTOS 20- CRETA 1.5 21-,
CH,Chevrolet,LUV TRO,submodelo,38,105,LUV + Trooper,2.3(28) 2.0(7) 1.6(5) 3.2(1),89-(2) 86-(1),4JA1(1) 4JB1(1) 4JG2(1) 4ZD1(1),,,32,FLAUTA BALANCINES(2) | BALANCINES(2) | TEMPLADOR BANDA DISTRIB(2) | CRUCETA CARDAN(2),CH LUV TRO 2.3 2.0 1.6 AD,"DOS VEHICULOS distintos listados juntos, no un submodelo"
KIA,Kia,OPTIMA,modelo,38,117,,2.0(12),16-(16) 13-15(6) 13-(4) 17-(3) 14-(3) 15-(2),G4NE(1),,,18,MESA SUSPENSION(10) | AMORTIG DELT(6) | TEMPLADOR BANDA MULTIPLE(4) | BASE MOTOR(3),KIA OPTIMA 2.0,
CH,Chevrolet,JOY,modelo,37,321,,1.4(24) 1.8(3) 1.2(1),22-(11) 21-(8) 19-(7) 18-(1),111R(2) 25DTS(1),,,27,BASE MOTOR(3) | KIT DISTRIBUCION(2) | SENSOR ABS(2) | MESA SUSPENSION(2),CH JOY 1.4 19-,
HY,Hyundai,STARIA,modelo,37,160,,3.5(3) 2.2(1),21-(27) 22-(9) 20-(2) 16-(1) 19-(1),D4HB(1),,,22,PASTILLAS DE FRENO(8) | TERMINAL DIRECCION(4) | EMBRAGUE KIT(2) | MESA SUSPENSION(2),HY STARIA 21-,
CH,Chevrolet,STEEM,modelo,37,107,,1.6(10) 1.3(5),95-(1) 96-00(1) 02-(1),,,,27,AMORTIG DELT(3) | EMBRAGUE KIT(2) | EMBRAGUE PLATO(2) | ESPIRALES(2),CH STEEM 1.6 VIT SWIFT/0  3 H/LUBRICACION,
MZ,Mazda,ALEG,modelo,36,115,,1.6(22) 1.3(2),00-(2) 98-02(1) 89-98(1) 02-(1) 02-06(1) -02(1),,,16V(5),19,BARRA LINK ESTABILIZ(5) | RINES(4) | PISTONES(3) | GUIAS DE VALVULA(2),MZ ALEG /2 1.6 ZM,
KIA,Kia,CERATO FORTE,submodelo,36,156,,1.6(4) 2.0(2),18-(5) 06-11(4) 10-(3) 08-(3) 10-16(2) 11-(2),,,,20,BASE MOTOR(8) | MANZANA DELT(3) | EJE RUEDA COMPLET(2) | MANZANA POST(2),KIA CERATO FORTE 2.0 10-,generacion o version
KIA,Kia,CARENS RONDO,submodelo,35,91,,2.0(9),07-(10) 06-(5) 09-(3) 07-11(3) 08-(1) 10-(1),,GAS(4) DSL(3),,18,MESA SUSPENSION(6) | EMPAQUES DE MOTOR(4) | BASE AMORTIGUADOR(3) | EMPAQUE TAPA VALVULAS(2),KIA CARENS RONDO 2.0 DSL,generacion o version
KIA,Kia,CARNIVAL R,submodelo,35,83,,3.3(39) 2.4(1),14-(11) 15-(9) 16-(7) 18-(1),,,,19,CHAQ BIELA(4) | BOCIN MESA SUSP(4) | BASE MOTOR(4) | MESA SUSPENSION(3),KIA CARNIVAL R 3.3 14- SORENTO 3.3 14-,generacion o version
MT,Mitsubishi,MONT,modelo,35,40,Mitsubishi Montero (Pajero),3.0(12) 2.6(9) 1.3(1),92-(4) 91-(1) 82-(1) 89-93(1) 91-95(1),6G72(10) 4G54(9) L200(1),,12V(5) 24V(4),23,RINES(4) | BOMBA DE AGUA(3) | BOMBA DE ACEITE(3) | VALV ESCAPE(2),MT MONT 12V 6G72 /0 V6,"1a gen L040 1982-91, 2a V20 1991-2000, 3a V60 2000-06, 4a V80 2006-21. OJO: Montero Sport es OTRO vehiculo, deriva del L200"
SZ,Suzuki,VIT 5P,modelo,34,201,,1.6(2),95-02(2) 90-(2) 92-(2) 91-98(1),G16A(4) GM1683(1),,,23,TERMINAL DIRECCION(5) | PISTONES(4) | CILIND RUEDA POST(2) | CABLES BUJIAS(2),SZ VIT 5P /0 SWIFT G16A,nombre compuesto (la raiz sola casi no aparece)
HY,Hyundai,SONATA HYB,submodelo,34,314,,2.0(12) 2.4(5),15-(20) 16-(10) 16-19(2) 13-15(1) 14-15(1) 13-(1),,,,20,RINES(4) | MANG RADIADOR(4) | BASE AMORTIGUADOR(3) | BARRA LINK ESTABILIZ(2),HY SONATA HYB 15- /0 KIA OPTIMA HYB 15- /0,generacion o version
HY,Hyundai,ELANTRA,modelo,34,158,,1.6(3) 1.8(3),12-(13) 06-(9) 17-(4) 14-(2) 00-06(2) 08-(1),,GAS(2),,21,CABLE FREN POST(7) | AMORTIG DELT(4) | BASE AMORTIGUADOR(2) | ELECTRO VENTILADOR(2),HY ELANTRA 12-,
KIA,Kia,XCITE,modelo,34,155,"Acabado, NO es un modelo",1.4(6),06-(10) 10-(1),,,,12,SINCRONIZADO(8) | MANGUERAS Y PARTES DE D/H(8) | CABLE SELEC MARCHA(3) | MANG RADIADOR(3),KIA XCITE 06- POST HY ACC 06-,"Acabado del Kia Soluto (tambien existe Rio Xcite). Comparte motor G4LC con el Hyundai Accent, por eso aparece junto al Accent"
DW,Daewoo,LAN CIEL,modelo,32,67,Daewoo Lanos + Cielo,,,,,,19,SINCRONIZADO(6) | BOCIN MESA SUSP(3) | AMORTIG POST(3) | HOMOC INT(2),DW LAN CIEL RAC,Agrupacion habitual del comercio ecuatoriano
SZ,Suzuki,VIT 3-5P,modelo,31,252,,1.8(1),01-(2) -03(1),,DSL(2),16V(7),16,CHAQ BANCADA(5) | CHAQ BIELA(5) | BANDA MULTIPLE ACANALADA(3) | EMPAQUES DE MOTOR(2),SZ VIT 3-5P INY CH STEEM,nombre compuesto (la raiz sola casi no aparece)
HY,Hyundai,TUC TL,submodelo,30,810,,2.0(3) 2.4(1) 3.3(1),16-(21) 21-(5) 19-(5) 17-(3) 14-(3) 13-(3),,DSL(3),,19,MESA SUSPENSION(3) | BUJIAS A GASOLINA(3) | BANDA MULTIPLE ACANALADA(3) | RADIADOR(3),HY TUC TL  SPORTAGE GT 16-,generacion o version
TY,Toyota,22R,modelo,30,23,"MOTOR 2366cc SOHC I4 nafta, NO es un modelo",2.4(1),79-(5) 92-(1),RN85(1),,,13,PISTONES(6) | RINES(5) | CHAQ BANCADA(5) | CHAQ BIELA(5),TY 22R /0 RUN,"Motor Toyota serie R. En EC: Hilux 1993-1997 (22R-E). Las Hilux de SOFASA fueron TODAS nafta, no hubo diesel"
KIA,Kia,CERAT FORT,submodelo,30,207,,1.6(9) 1.2(2),11-(8) 10-(6) 09-(6) 10-13(4) 08-(3) -23(2),,GAS(4),,12,MESA SUSPENSION(6) | AMORTIG DELT(6) | ARAÑA 0 PUNTA EJE(4) | TEMPLADOR BANDA MULTIPLE(2),KIA CERAT FORT 1.6 A/C COMPLT,generacion o version
HY,Hyundai,VER GETZ,REVISAR,29,442,,1.6(6) 1.1(3),-23(2) 19-(2) 05-(2) 02-05(1),,,16V(3),18,RETEN RD DELT Y SEMIEJE(3) | SEN B/LEVAS(3) | EMBRAGUE PLATO(2) | TERMINAL DIRECCION(2),HY VER GETZ MATRIX 1.6 DEL CKP,"posible: DOS vehiculos compatibles, no un submodelo"
MZ,Mazda,ALEGRO,modelo,28,50,,1.6(17) 1.3(1),03-(3) 00-(1),,,16V(4),20,BASE MOTOR(4) | BOBINA(3) | VALV ESCAPE(2) | VALV ADMISION(2),MZ ALEGRO 1.6 16V  X8,
KIA,Kia,CERATO FORT,submodelo,28,126,,1.6(2),08-(4) 11-(4) 10-(3) 10-15(1),,,,15,MANG RADIADOR(4) | BASE AMORTIGUADOR(3) | BOMBA COMPLETA COMBUST INYEC(2) | PUENTE DELANTERO(2),KIA CERATO FORT 08-,generacion o version
NS,Nissan,QASHQAI,modelo,28,119,,2.0(10) 1.6(3),14-(6) 15-(4) 10-14(3) 09-(3) 15-19(3) 15-21(2),MR20(7) HR16DE(1),,16V(1),17,TERMINAL DIRECCION(4) | BARRA LINK ESTABILIZ(3) | BOMBA DE AGUA(2) | MESA SUSPENSION(2),NS QASHQAI 1.6 10-14 TIIDA HR16DE 16V,
DW,Daewoo,RAC CIEL,modelo,27,44,Daewoo Racer / Cielo,,,,,,21,SWICH LUCES O PLUMAS(3) | ESPIRALES(2) | ARAÑA 0 PUNTA EJE(2) | BOBINA(2),DW RAC CIEL,"Mismo auto. Las tiendas de EC usan la categoria literal: Daewoo Cielo, Lanos, Racer"
HY,Hyundai,EXCEL,modelo,26,83,,1.5(2) 1.3(1) 1.6(1),92-(5) 92-96(3) 86-96(1) 94-(1) -94(1),,,,22,ARAÑA 0 PUNTA EJE(2) | BALANCINES(2) | MESA SUSPENSION(2) | RULIMANES RD/RP(2),HY EXCEL,
SZ,Suzuki,SWIFT,modelo,26,74,,1.6(6) 1.3(1),-95(1) 01-(1),,,16V(2),23,BANDA MULTIPLE ACANALADA(2) | EMPAQUE TAPA VALVULAS(2) | HOMOC INT(2) | EMPAQUES DE MOTOR(1),SZ SWIFT 1.6,
HY,Hyundai,ELAN,modelo,26,143,,1.6(17) 1.8(3),12-(12) 08-(5) 03-06(4) 06-09(3) 14-18(2) 20-(2),151R(1) 153R(1),,,15,SEN OXIGENO(4) | AMORTIG DELT(4) | SERVO FRENO(3) | MANZANA POST(2),HY ELAN 1.8 12-,
KIA,Kia,CARNIV,modelo,26,104,,2.9(32) 2.5(7) 3.0(3) 3.3(2) 2.2(1) 2.0(1),-05(4) 14-19(1) 16-(1),176D(1),DSL(2) GAS(1),,7,TEMPLADOR BANDA DISTRIB(15) | TEMPLADOR BANDA MULTIPLE(4) | CIGUENAL(3) | KIT DISTRIBUCION(1),KIA CARNIV 2.9 TERRAC 2.9 A/C C/BASE,
KIA,Kia,CERAT,modelo,26,67,,1.6(7) 2.0(2),14-(5) 18-(3) 22-(3) 19-(3) 10-(3) 06-(2),,,,11,MESA SUSPENSION(4) | DIRECCION COMPLETA(4) | RESERVORIO DE AGUA(4) | EMBRAGUE KIT(3),KIA CERAT 1.6 18- ACC 1.6 22- VENUE 19-,
CH,Chevrolet,6VD1,modelo,25,71,"MOTOR Isuzu 3.2 V6, NO es un modelo",3.2(14) 3.5(9),98-(3) -98(2) 92-(2),6VD1(26),GAS(7),,9,CHAQ BANCADA(5) | CHAQ BIELA(5) | RINES(4) | BOMBA DE AGUA(3),CH 6VD1 /0 LUV 3.2 DMAX,
MT,Mitsubishi,4G63,modelo,25,53,"MOTOR 2.0L Mitsubishi (familia Sirius), NO es un modelo",,92-(22) 93-96(3),4G63(25) L200(9),,,9,PISTONES(5) | RINES(5) | CHAQ BIELA(5) | CHAQ BANCADA(4),MT 4G63 /0 L200 92-,"Usos: Montero 1a gen, L200/Triton, Lancer, Outlander"
CH,Chevrolet,GRA VIT,modelo,24,225,,2.0(10) 2.7(3) 2.5(3),-07(10) 06-(9),H25A(3),,,4,AMORTIG DELT(9) | PISTONES(7) | RINES(6) | BARRA LINK ESTABILIZ(2),CH GRA VIT /0 J18 J20 2.0 -07,nombre compuesto (la raiz sola casi no aparece)
HY,Hyundai,H100 DSL/GAS,submodelo,24,122,,,-99(1),H100(24),,,15,PASTILLAS DE FRENO(3) | UÑETA EMBRAGUE(2) | EMBRAGUE RULIMAN(2) | ROTULA SUSPENSION(2),HY H100 DSL/GAS MT MONT,generacion o version
KIA,Kia,PICANTO HY,submodelo,24,625,,1.1(10),01-(5) -09(4) 06-(3) 11-(3) 08-(1),101D(2),,,13,HOMOC INT(3) | PASTILLAS DE FRENO(3) | SENSOR TEMPERATURA(3) | SEN B/LEVAS(3),KIA PICANTO HY ATOS 01-,generacion o version
HY,Hyundai,TERRACAN,modelo,24,122,,3.5(6) 2.9(4) 2.5(2),01-(1),,,24V(1),16,GUIAS DE VALVULA(2) | PINON BARRA LEVAS(2) | CRUCETA CARDAN(2) | BUJIAS A GASOLINA(2),HY TERRACAN 2.9,
CH,Chevrolet,CORSA,modelo,24,210,,1.3(5) 1.4(3) 1.6(2) 1.8(1),,,,,16,BARRA DE LEVAS(3) | PASTILLAS DE FRENO(3) | EMPAQUE CAJA CAMBIOS(2) | BOMBA DE ACEITE(2),CH CORSA 1.3-1.8 EVOL KIT,
NS,Nissan,FRONTIER,modelo,24,81,Nissan Frontier,3.0(2) 2.5(1) 2.4(1),10-(2) 05-08(2) 17-(1) 12-(1) 92-(1) 14-(1),KA24(10) YD25(2) 52MM(1) NP300(1),DSL(1),16V(8) 12V(1),16,ROTULA SUSPENSION(5) | BOCIN MESA SUSP(2) | KIT DISTRIBUCION(2) | VIBRADOR CADENA DISTRIBUCION(2),NS FRONTIER 3.0 URBAN,"MISMO VEHICULO QUE NAVARA, unificar"
NS,Nissan,XTRAIL QR25,submodelo,23,99,Nissan X-Trail motor QR25DE,2.5(11) 1.8(1) 1.6(1),02-09(2) 00-07(1) 15-(1) 01-07(1) 03-13(1) 09-12(1),QR25(23) YD25(1),,16V(2),15,BASE MOTOR(4) | EMPAQUES DE MOTOR(2) | EMPAQUE TAPA VALVULAS(2) | TEMPLADOR CADENA DISTRIBUCION(2),NS XTRAIL QR25 T31 16V 2.5  X8,"OJO: el QR25 se uso en T30, T31 y T32 por igual. NO identifica generacion"
SZ,Suzuki,VIT,modelo,23,55,,1.6(1),-96(2) 07-(1),BT50(1),,8V(2),16,PISTONES(5) | FLAUTA BALANCINES(2) | CILIND RUEDA POST(2) | RULIM VARIOS(2),SZ VIT 8V 3P X4,
HY,Hyundai,SONATA HYBRID,submodelo,23,149,,2.0(7) 2.4(3),15-(7) 13-15(3) 14-(2) 21-(2) 16-(2) 18-(1),G4KK(1),,,18,EMPAQUE MULT ADMIS(2) | BOMBA DE AGUA(2) | MANG PASO AGUA(2) | BANDA MULTIPLE ACANALADA(2),HY SONATA HYBRID 2.0 KIA OPTIMA HYBRID 2.0,generacion o version
SZ,Suzuki,GRAN VIT,modelo,23,226,Chevrolet Grand Vitara,2.0(7) 2.4(4) 2.7(2),08-17(1) 06-15(1) 06-(1),,,,15,EJE RUEDA COMPLET(4) | EMPAQUE TAPA VALVULAS(2) | TERMOSTATO ARMADO Y TAPAS(2) | MANG RADIADOR(2),SZ GRAN VIT SZ 2.0 2.7,"En Ecuador los Suzuki se catalogan bajo marca CHEVROLET (Vitara, Grand Vitara, Swift, Steem)"
NS,Nissan,NAVARA,modelo,22,44,Nissan Navara,2.5(8),07-(3) 05-(3) 05-13(1) -08(1) 09-(1) 05-06(1),YD25(6) NP300(3) YD22(1),DSL(3),16V(1),18,EMBRAGUE KIT(2) | ROTULA SUSPENSION(2) | MANZANA DELT(2) | AXIAL DE DIRECCION(2),NS NAVARA 2.5 05-13 DSL 4*4,"MISMO VEHICULO QUE FRONTIER, distinto nombre de mercado. Unificar"
DW,Daewoo,LAN,modelo,22,87,Daewoo Lanos,,00-(2) -99(1),,,16V(2),13,BASE AMORTIGUADOR(5) | BASE MOTOR(4) | MESA SUSPENSION(2) | BASE CAJA CAMBIOS(2),DW LAN -99 R/L,Variante de escritura de LANOS
CH,Chevrolet,ASTRA,modelo,21,48,,2.0(7) 1.8(1),98-(3) -03(1) 99-(1) 02-09(1) 03-(1),,,16V(2),17,HOMOC EXT(2) | MESA SUSPENSION(2) | MANZANA DELT(2) | BASE MOTOR(2),CH ASTRA 2.0 16V -03,
KIA,Kia,CERATO R,submodelo,21,71,,1.6(3),19-(9) 14-18(3) 15-(3) 12-16(2) 16-(2) 19-22(1),,,,11,AMORTIG DELT(6) | ARAÑA 0 PUNTA EJE(2) | DISCO DE FRENO(2) | BASE AMORTIGUADOR(2),KIA CERATO R 14-18,generacion o version
CH,Chevrolet,CAVALIER,modelo,21,126,Chevrolet Cavalier,1.5(17) 1.8(1),18-(13) 20-(3) 18-23(1) 12-(1),,,,16,MESA SUSPENSION(2) | PASTILLAS DE FRENO(2) | TERMOSTATO ARMADO Y TAPAS(2) | RESERVORIO DE AGUA(2),CH CAVALIER 1.5  18- CON SENSOR,1.5
CH,Chevrolet,6VD1 LUV,REVISAR,20,121,,3.2(17) 3.5(4),00-(9) 98-(4) -98(1),6VD1(20) 8PCS(1),,,8,RINES(5) | PISTONES(4) | EMPAQUE TAPA VALVULAS(3) | SELLO DE VALVULA(2),CH 6VD1 LUV /0 3.2 00-,"posible: DOS vehiculos compatibles, no un submodelo"
CH,Chevrolet,AVEO DW,submodelo,20,1284,,,,,,16V(11),11,KIT DISTRIBUCION(4) | TEMPLADOR BANDA DISTRIB(3) | SELLO DE VALVULA(2) | ELEVADOR VALVULA(2),CH AVEO DW NUB TAC 16V,generacion o version
SZ,Suzuki,FORZA,modelo,20,59,,1.6(1),91-99(1) 92-96(1),,,,15,RULIM SERIE 6000(3) | PASTILLAS DE FRENO(2) | MANG RADIADOR(2) | RULIM SERIE 3000(2),SZ FORZA II,
MZ,Mazda,3,modelo,20,67,,1.6(9) 2.0(4) 1.5(1),12-(3) 10-16(2) 06-10(2) 05-(2) 14-(2) 15-(1),BT50(1),,,11,MESA SUSPENSION(4) | PASTILLAS DE FRENO(3) | EMBRAGUE KIT(2) | EMBRAGUE RULIMAN(2),MZ 3 1.6 10-16 P/D/R,
HY,Hyundai,I10 ATOS,REVISAR,19,328,,,07-(1),,,,7,CHAQ BANCADA(6) | CHAQ BIELA(5) | MEDIAS LUNA BANCADA(2) | EMBRAGUE RULIMAN(2),HY I10 ATOS PICANT/0,"posible: DOS vehiculos compatibles, no un submodelo"
KIA,Kia,SPECTRA,modelo,19,48,,1.6(10) 1.5(1),00-03(2) 03-(2) -03(1) -02(1),,,16V(2),12,RINES(5) | PISTONES(2) | DISCO DE FRENO(2) | AMORTIG POST(2),KIA SPECTRA 1.6 /0,
KIA,Kia,SPORTAG R,submodelo,19,64,Kia Sportage R (gen SL),3.4(3),14-(6) 11-13(1) 18-(1) 20-(1) 21-(1) 12-(1),,,,10,SENSOR ABS(6) | SEN OXIGENO(4) | MOTOR PLUMAS(2) | MODULOS(1),KIA SPORTAG R DELT LH,La R aca SI es GENERACION: 2010. 1995-1998cc. En EC 2.0 de 166hp
MT,Mitsubishi,4G54,modelo,19,20,"MOTOR 2.6L Mitsubishi (familia Astron), NO es un modelo",2.6(18),-96(1),4G54(19),,,7,PISTONES(5) | RINES(5) | CHAQ BANCADA(5) | BANDA VENTILADOR(1),MT 4G54 /0 MONT MZ 2.6,"Usos: Pajero/Montero 1a gen 1982-1991, L200 2a gen 1986-1996"
TY,Toyota,STOUT II,modelo,19,31,Toyota Hilux N140 cabina simple 2WD,2.4(1),97-05(1),,,16V(3),11,CHAQ BIELA(5) | CHAQ BANCADA(4) | MEDIAS LUNA BANCADA(2) | VALV ESCAPE(1),TY STOUT II 2RZ 16V,"NO ES UN STOUT. Nombre comercial exclusivo de Ecuador para el Hilux 6a gen. 1998-2005, solo nafta 2.4 o 2.7 (SOFASA Colombia). Verificado en toyota.com.ec archivado feb-2003"
HY,Hyundai,I30,modelo,19,56,,1.6(2) 1.8(1),12-(7) 08-11(7) 13-(1) 08-12(1) 08-(1) 13-15(1),,,,12,AMORTIG DELT(4) | AMORTIG COMP/CAPOT(3) | ARAÑA 0 PUNTA EJE(2) | BASE MOTOR(2),HY I30 1.8 13-,
CH,Chevrolet,ASTRA ZAFIRA,modelo,18,85,,,02-(2),,,,14,PISTONES(2) | CABLES BUJIAS(2) | BANDA DISTRIBUCION(2) | AMORTIG DELT(2),CH ASTRA ZAFIRA VECT/2 PLANO,nombre compuesto (la raiz sola casi no aparece)
CH,Chevrolet,COR TODOS,ALCANCE,18,264,,,-05(1),,,,12,CABLES BUJIAS(3) | MANG FRENO POST(2) | RETEN RD DELT Y SEMIEJE(2) | TERMOSTATO ARMADO Y TAPAS(2),CH COR TODOS,NO es modelo: sirve para todos. Ver seccion 10.bis
KIA,Kia,SPORTAGE R,submodelo,18,42,Kia Sportage R (gen SL),,14-(7) 18-(3) 11-(2) 12-(2) 13-(1) 11-15(1),G4NA(1),,,13,GUARPOLV CARROCERIA(4) | CABLE FREN POST(2) | MOTOR 3/4 7/8(2) | KIT DISTRIBUCION(1),KIA SPORTAGE R 14- HY TUC IX 14- TL G4NA,Idem SPORTAG R
CH,Chevrolet,BEAT,modelo,18,115,,1.2(11),19-(7) 18-(2),,,,15,CABLE SELEC MARCHA(3) | HOMOC EXT(2) | BOMBA DE AGUA(1) | SENSOR ABS(1),CH BEAT 1.2 19-,
CH,Chevrolet,4ZE1,modelo,17,28,"MOTOR Isuzu 2.6, NO es un modelo",2.6(17),,4ZE1(17) 2CEJAS(5),,,8,PISTONES(6) | RINES(5) | VALV ESCAPE(1) | VALV ADMISION(1),CH 4ZE1 /0 ROD 2.6,
NS,Nissan,KA24,modelo,17,49,"MOTOR 2.4L, NO es un modelo",2.4(2) 2.0(2),86-95(2) 98-05(1),KA24(17) YD25(1),,12V(1) 16V(1),10,BALANCINES(4) | TERMINAL DIRECCION(3) | TEMPLADOR CADENA DISTRIBUCION(2) | FLAUTA BALANCINES(2),NS KA24 2.4 VANET,Motor KA24E/KA24DE de la camioneta D21/D22 (en EC Nissan 2400 o Frontier 2.4). Ningun Sentra uso KA24. Estas filas van a FRONTIER
HY,Hyundai,TUCSON IX,submodelo,17,237,,2.0(1),14-(2) -15(2) 09-(1),,,,10,BOCIN MESA SUSP(3) | SWICH ELEVA VIDRIO(3) | BOMBA PILA COMBUSTIBLE(2) | RELAY DE LUCES(2),HY TUCSON IX SPORTAGE R PILA,generacion o version
CH,Chevrolet,GRAN,modelo,16,98,,2.0(6) 2.7(2) 2.4(1),,J20A(2),,,10,MANG PASO AGUA(3) | ELEVADOR VALVULA(2) | MEDIAS LUNA BANCADA(2) | CRUCETA CARDAN(2),CH GRAN VITR SZ FORSA II,
CH,Chevrolet,SPARK 3C,submodelo,16,48,,,,107D(1),,,7,CHAQ BIELA(5) | TAPAS DISTRIBUCION(4) | CHAQ BANCADA(3) | EMPAQUE CABEZOTE(1),CH SPARK 3C DW MATIZ,generacion o version
DW,Daewoo,NUB,modelo,16,22,Daewoo Nubira,2.0(4) 1.8(1),98-01(2) 98-03(2),,,,9,PISTONES(3) | BOCIN MESA SUSP(2) | AMORTIG DELT(2) | AMORTIG POST(2),DW NUB DELT,"1.6 o 2.0. OJO: la agrupacion con el Aveo 1.6 es SOSPECHOSA. El Aveo viene del Kalos T200 y el Nubira de plataforma J100/J150, son distintas. REVISAR"
HY,Hyundai,SONAT,modelo,16,77,,2.0(8) 2.4(6) 2.7(1),10-(6) 98-(3) 15-(2) 13-(2) 14-(1) 13-15(1),,,,9,MESA SUSPENSION(4) | BOMBA DE AGUA(3) | RINES(2) | BASE MOTOR(2),HY SONAT 98- 2.0 /2,
NS,Nissan,XTRAIL T31,submodelo,16,68,Nissan X-Trail 2a gen (T31),2.0(2) 2.5(1),07-(5) 07-15(4) 08-(3) 06-(2) 07-19(1) 07-13(1),QR25(3) QR25DE(1) MR20(1) YD22(1),,,13,ARAÑA 0 PUNTA EJE(2) | AXIAL DE DIRECCION(2) | AMORTIG DELT(2) | RINES(1),NS XTRAIL T31 QR25DE 07- /2,Global 2007-2013. 2.0 MR20DE / 2.5 QR25DE
NS,Nissan,XTRAIL T32,submodelo,16,139,Nissan X-Trail 3a gen (T32),2.0(3),15-(6) 14-(5) 17-(1) 14-17(1) 12-20(1),QR25(7),,,13,MESA SUSPENSION(2) | TERMINAL DIRECCION(2) | AMORTIG DELT(2) | BOMBA DE AGUA(1),NS XTRAIL T32 QR25 15-,Global 2013-2022. 2.5 QR25DE
REN,Renault,LOGAN SANDERO,submodelo,16,76,Renault Logan + Sandero,1.6(1),-11(4) 09-(1),,,16V(2) 8V(2),11,HOMOC EXT(2) | MANZANA DELT(2) | RULIMANES RD/RP(2) | TROM ACEITE(2),REN LOGAN SANDERO -11 16V,"MISMA PLATAFORMA B0: mismos motores, transmisiones y suspensiones. Agrupacion correcta"
CH,Chevrolet,6VD1 TRO,submodelo,15,38,,3.2(15),-98(9) -97(2),6VD1(15),,,9,PISTONES(4) | RINES(4) | VALV ESCAPE(1) | VALV ADMISION(1),CH 6VD1 TRO /0 3.2 -98,generacion o version
KIA,Kia,PICANT I10,REVISAR,15,218,,1.1(4),03-(2),,,,3,TERMOSTATO ARMADO Y TAPAS(11) | BOMBA DE AGUA(2) | TERMOSTATOS(2),KIA PICANT I10 1.1 ATOS PRIME 03-,"posible: DOS vehiculos compatibles, no un submodelo"
KIA,Kia,RIO MZ,submodelo,15,198,,1.8(4),00-05(2) 84-98(2),,,,5,RETEN RD DELT Y SEMIEJE(6) | TEMPLADOR BANDA DISTRIB(4) | RETEN RD POST(2) | BOCIN PALANCA CAMBIOS(2),KIA RIO MZ ALEG CAREN 1.8 AUX,generacion o version
TY,Toyota,HIACE 2L,submodelo,15,8,"MOTOR 2446cc diesel, NO es un modelo",,89-(2),,DSL(4),,13,PISTONES(2) | CHAQ BIELA(2) | VALV ESCAPE(1) | VALV ADMISION(1),TY HIACE 2L /2 DSL ALTO,Motor Toyota serie L. No verificado que se vendiera Hiace diesel en EC
DW,Daewoo,RAC CIELO,modelo,15,20,Daewoo Racer / Cielo,,,,,,12,TAPAS DISTRIBUCION(3) | EJE RUEDA COMPLET(2) | BARRA DE LEVAS(1) | KIT SATELITE PLANETARIO(1),DW RAC CIELO CEJA,Idem RAC CIEL
NS,Nissan,ALMERA,modelo,15,75,Nissan Almera (N16),1.6(4),00-(1) -06(1),QG16(2) QR25(1),,16V(1),15,BOMBA COMPLETA COMBUST INYEC(1) | EMBRAGUE KIT(1) | HOMOC EXT(1) | ESPIRALES(1),NS ALMERA,1.6 / 1.8 QG18DE
CH,Chevrolet,GROOVE,modelo,15,85,,1.5(12),21-(9) 22-(1) 23-(1) 21-24(1),,,,10,EJE RUEDA COMPLET(2) | TERMINAL DIRECCION(2) | PASTILLAS DE FRENO(2) | BASE MOTOR(2),CH GROOVE 1.5 21-,
TY,Toyota,COROLLA,modelo,15,28,,1.3(2) 1.6(1) 1.8(1) 1.5(1),09-(3) 06-(2) 04-(2) 92-(2) 00-04(1) 04-08(1),4AFE(2) RAV4(1) 1ZZFE(1),,,8,PASTILLAS DE FRENO(6) | MESA SUSPENSION(2) | FILTRO A/C CALEFAC(2) | EMBRAGUE PLATO(1),TY COROLLA 06- YARIS 1.3 4A,
NS,Nissan,SENTRA,modelo,14,98,,2.0(7),,MR20(2),,,12,MESA SUSPENSION(2) | TERMINAL DIRECCION(2) | RADIADOR(1) | BOMBA COMPLETA COMBUST INYEC(1),NS SENTRA 2.0 MR20,
TY,Toyota,2RZ,modelo,13,16,,2.5(1),,,,,5,RINES(5) | PISTONES(4) | BARRA DE LEVAS(2) | EMPAQUE CABEZOTE(1),TY 2RZ /0 STOUT II 2RZ FE 3RZ,
KIA,Kia,SPORTG,modelo,13,70,,2.2(3),06-(6) -03(5) 16-(1),BT50(3),,,6,AMORTIG COMP/CAPOT(4) | BOMBA DE ACEITE(3) | CABLE ACELERADOR(2) | AMORTIG POST(2),KIA SPORTG -03 MZ 2.2 BT50 F2,
KIA,Kia,SPECT,modelo,12,104,,1.6(2),00-(2) -04(1),,,,6,BARRA LINK ESTABILIZ(4) | HOMOC EXT(2) | BOMBA DIRECCION(2) | FILTRO GASOLINA(2),KIA SPECT 1.6 -04,
HY,Hyundai,ACCENT,modelo,12,19,,1.6(1),16-(3) 12-(3) 06-(1) 14-(1) 17-(1) 21-(1),,,,10,RULIM VARIOS(2) | MANG PASO AGUA(2) | FOCOS(1) | MECANIS PLUMAS(1),HY ACCENT 16- KIA CERAT FORTE CONO,
HY,Hyundai,VENUE,modelo,12,164,,1.6(1),19-(9) 20-(6),,,,6,FILTRO AIRE(3) | MESA SUSPENSION(2) | PASTILLAS DE FRENO(2) | AMORTIG DELT(2),HY VENUE 20- LH,
CH,Chevrolet,VAN,modelo,11,128,,1.2(4) 2.2(2),,N400(1),,,7,VALV ESCAPE(2) | VALV ADMISION(2) | BASE MOTOR(2) | FILTRO GASOLINA(2),CH VAN N200/300 X8 SPARK GT BEAT 1.2  23.5*100*5,
KIA,Kia,K2700,modelo,11,46,,2.7(1),04-(5) 06-(1),K2700(11) K3000(6),,,10,CILIND RUEDA POST(2) | EMPAQUES DE MOTOR(1) | LINER KIT(1) | ROTULA SUSPENSION(1),KIA K2700,
MT,Mitsubishi,L200,modelo,11,17,,,92-(4) 80-95(1) 80-98(1) -96(1) 07-(1),L200(11) 4G63(3),DSL(1),,9,TERMINAL DIRECCION(3) | BOMBA DE ACEITE(1) | EMBRAGUE KIT(1) | CRUCETA CARDAN(1),MT L200 92-,
HY,Hyundai,MATRX,modelo,11,92,,1.8(9) 1.6(2) 2.2(1),00-(3) 04-(2),,DSL(1),,5,BASE AMORTIGUADOR(4) | EMBRAGUE RULIMAN(2) | RULIM VARIOS(2) | RADIADOR(2),HY MATRX 1.8 AVANT,
HY,Hyundai,TODOS,ALCANCE,11,207,,0.9(2) 2.9(2) 2.3(1),,13LBR(2) H100(2),,,7,FOCOS(3) | TAPA RADIADOR(2) | KIT AUX EMBRAG(2) | RULIM SERIE 6000(1),HY TODOS,
REN,Renault,LOG,modelo,10,89,,,05-(6) 08-(4),,,,7,MESA SUSPENSION(2) | TERMINAL DIRECCION(2) | AXIAL DE DIRECCION(2) | HOMOC INT(1),REN LOG 05- SANDERO LH,
CH,Chevrolet,ROD,modelo,9,21,,2.6(4) 3.2(3),,4ZE1(1),,,8,PASTILLAS DE FRENO(2) | TEMPLADOR BANDA DISTRIB(1) | EMBRAGUE KIT(1) | EMBRAGUE PLATO(1),CH ROD 2.6 4ZE1,
TY,Toyota,RAV,modelo,9,29,,2.0(3) 2.4(2) 2.5(1) 4.0(1),06-(2) 20-(2) 09-(1) 13-(1) 16-(1) 06-13(1),,,16V(1),6,PASTILLAS DE FRENO(3) | MESA SUSPENSION(2) | BOBINA(1) | BASE MOTOR(1),TY RAV 4 2AZ 06- DEL LH,
SZ,Suzuki,FORSA,modelo,8,14,,,89-(1),,,,4,PISTONES(5) | BANDA VENTILADOR(1) | CABLE EMBRAGUE(1) | SEGUROS VINCHAS PASTILLAS(1),SZ FORSA,
CH,Chevrolet,TRO,modelo,8,36,Trooper,3.2(4) 2.3(2),92-(1) 94-(1),,,,7,RULIM VARIOS(2) | BOYA TANQUE COMBUST(1) | KIT AUX EMBRAG(1) | CABLES BUJIAS(1),CH TRO 2.3,Confirmado por el dueno
HY,Hyundai,KONA,modelo,8,31,,1.6(3),22-(3) 19-(2) 21-(2) 18-(1),,,,5,FILTRO AIRE(3) | AMORTIG DELT(2) | EMBRAGUE KIT(1) | PASTILLAS DE FRENO(1),HY KONA 1.6 GDI 18- A/T DOBLE EMBRAGUE,
HY,Hyundai,HD65,modelo,8,61,,,13-(6) 15-(2),HD65(8) HD55(2) HD72(1),,,5,FILTRO AIRE(2) | FILTRO ACEITE(2) | FILTRO DIESEL(2) | RETEN CIGUEÑAL POST(1),HY HD65 13-,
KIA,Kia,K3000,modelo,7,18,,,06-(3) 12-(2) 05-(1),K3000(7),GAS(1),,5,ALTERNADORES(2) | RADIADOR(2) | DISCO DE FRENO(1) | PASTILLAS DE FRENO(1),KIA K3000 05- DELT,
HY,Hyundai,CRET,modelo,7,349,,1.6(5),15-(4) 21-(2) 19-(2) 12-(2) 17-(1),,,,4,CILIND RUEDA POST(2) | ZAPATAS DE FRENO(2) | PASTILLAS DE FRENO(2) | DIRECCION COMPLETA(1),HY CRET 1.6 4*2 17- D/M,
DW,Daewoo,RACER,modelo,7,13,,1.6(1),94-98(1),,,,6,RADIADOR(2) | PART CAJA CAMBIO(1) | BENDIX DEL ARRANQUE(1) | BASE AMORTIGUADOR(1),DW RACER,
DW,Daewoo,CIELO,modelo,7,70,,,95-(1),,,,4,BANDA MULTIPLE ACANALADA(4) | RESERVORIO DE AGUA(1) | CAUCHO ESTABILIZADOR(1) | FILTRO AIRE(1),DW CIELO RACER 95- RADIAD,
DW,Daewoo,TACUMA,modelo,6,15,,1.8(1),,,,,6,EMPAQUES DE MOTOR(1) | EMBRAGUE DISCO(1) | BASE AMORTIGUADOR(1) | FILTRO AIRE(1),DW TACUMA,
NS,Nissan,KICKS,modelo,6,49,,1.6(3),20-(2) 17-(2) 16-19(1) 19-(1) 13-(1) 18-(1),,,,6,EMBRAGUE KIT(1) | MANZANA POST(1) | BARRA LINK ESTABILIZ(1) | CILIND PRIN EMBRAGUE(1),NS KICKS 1.6  20-,
CH,Chevrolet,SAFIRA,modelo,6,7,,2.0(1),01-(1) 98-(1),,,8V(1),5,PASTILLAS DE FRENO(2) | CARTER(1) | SEN MAP(1) | CABLE SELEC MARCHA(1),CH SAFIRA 2.0 8V,
REN,Renault,SAND,modelo,6,110,,1.6(4),15-(2) 20-(2) 15-22(2) 07-(1) 13-(1) -13(1),,,16V(1),4,FILTRO AIRE(3) | HOMOC INT(1) | BOBINA(1) | FILTRO A/C CALEFAC(1),REN SAND STEPWAY 07- LOGAN 2 13- RH,
TY,Toyota,PRIUS,modelo,6,56,,1.8(3) 1.5(1),13-(3) 06-(1) 22-(1),,,,5,AMORTIG DELT(2) | PASTILLAS DE FRENO(1) | FILTRO AIRE(1) | AXIAL DE DIRECCION(1),TY PRIUS 06-,
REN,Renault,SANDERO,modelo,6,14,,1.6(2),08-(2) 12-(1) -15(1),,,16V(3),6,DIRECCION COMPLETA(1) | ZAPATAS DE FRENO(1) | MANG PASO AGUA(1) | BANDA MULTIPLE ACANALADA(1),REN SANDERO 12- LOGAN,
KIA,Kia,GRAND,modelo,6,28,,3.3(2),16-(6),,,,2,AMORTIG DELT(4) | RADIADOR(2),KIA GRAND CARNIVAL 16-  LH,
REN,Renault,CLIO,modelo,5,6,,,-04(1),,,16V(1),4,GUARPOLV PUNTA EJE(2) | TAMBOR RUEDA(1) | RINES(1) | CABEZOTES(1),REN CLIO -04,
MT,Mitsubishi,LANC,modelo,5,5,,1.5(3) 1.6(1),98-(1) 94-(1),4G15(3),,12V(4),3,VALV ADMISION(2) | BANDA MULTIPLE ACANALADA(2) | VALV ESCAPE(1),MT LANC 12V 1.5 4G15,
TY,Toyota,4Y,modelo,5,4,,2.2(1),89-(1),,,,5,EMPAQUE CABEZOTE(1) | MOTOR ARRANQUE(1) | SELLO DE VALVULA(1) | BUJES B/LEVAS(1),TY 4Y 2.2,
SZ,Suzuki,GRAN,modelo,5,17,,,,,,,3,MANG PASO AGUA(2) | SEN KNOCK(2) | SEN B/LEVAS(1),SZ GRAN VITARA SZ  IN,
CH,Chevrolet,GRAND,modelo,5,6,,2.4(1) 1.6(1),11-(1) 08-(1),3PTS(1),,,4,RESERVORIO DE AGUA(2) | EMPAQUE CABEZOTE(1) | MOTOR 3/4 7/8(1) | ACOPLE DIRECCION(1),CH GRAND VIT SZ 2.4 11-,
MZ,Mazda,ALEGR,modelo,5,30,,1.6(3),02-(1) 00-(1) 99-06(1),,,,5,EMPAQUE TAPA VALVULAS(1) | TERMINAL DIRECCION(1) | KIT PERNOS MORDAZA(1) | FILTRO AIRE(1),MZ ALEGR 1.6 02-,
HY,Hyundai,SANTA,modelo,5,17,,2.4(3) 2.7(1),10-(2) 19-(2) 10-12(1),,,,4,DISCO DE FRENO(2) | TEMPLADOR BANDA MULTIPLE(1) | VALVULA DE DESFOGUE(1) | GUARPOLV CARROCERIA(1),HY SANTA FE 2.4 10- SORENTO 2.4 10- POLEA ALTER,
KIA,Kia,PICAN,modelo,5,99,,1.2(1) 1.4(1),06-(4) 18-(2),,,,2,BARRA LINK ESTABILIZ(4) | KIT DISTRIBUCION(1),KIA PICAN 1.2 18- KIA RIO 18- 1.4 7PZ,
TY,Toyota,TERCEL,modelo,5,7,,1.6(1) 2.2(1),94-99(1) 91-(1),,,,5,HOMOC INT(1) | PASTILLAS DE FRENO(1) | BANDA MULTIPLE ACANALADA(1) | EMBRAGUE PLATO(1),TY TERCEL 94-99 COMPLETA,
KIA,Kia,CAREN,modelo,5,41,,2.0(1),-03(2) -04(2) 16-(1),,,,3,MESA SUSPENSION(2) | EJE RUEDA COMPLET(2) | DISCO DE FRENO(1),KIA CAREN 2.0 POST 16-,
DW,Daewoo,TACUM,modelo,5,10,,,04-(2),,,,3,TERMINAL DIRECCION(2) | BASE MOTOR(2) | RESERVORIO DE AGUA(1),DW TACUM VIVAN LH,
KIA,Kia,PICANT/0,modelo,4,71,,1.1(4),11-(4),67MM(3),,,2,PISTONES(2) | RINES(2),KIA PICANT/0 HY I10 1.1 11- PRIME 67mm 1.2*1.2*2,
TY,Toyota,RUN,modelo,4,2,,2.4(2),,,,8V(2),4,VALV ESCAPE(1) | VALV ADMISION(1) | BOMBA DE ACEITE(1) | EMBRAGUE RULIMAN(1),TY RUN 2.4 22R 8V,
MT,Mitsubishi,L200-300,modelo,4,1,,1.8(1) 2.0(1),92-(3),4G63(3),,,3,FLAUTA BALANCINES(2) | BALANCINES(1) | BANDA DISTRIBUCION(1),MT L200-300 92- 4G63,
KIA,Kia,SPORT,modelo,4,3,,,18-19(1) 08-(1) 12-(1) 11-(1),,,,3,SWICH LUCES O PLUMAS(2) | BOMBA DE AGUA(1) | PLUMAS(1),KIA SPORT GT2.4 18-19,
NS,Nissan,QASQHAI,modelo,4,16,,,08-14(2) 14-(2),,,,1,MESA SUSPENSION(4),NS QASQHAI DEL LH 08-14,
SZ,Suzuki,VITARA,modelo,4,2,,,,,,,4,RETEN CONO Y CORONA(1) | CABLE VELOCIMETRO(1) | CAUCHO ESTABILIZADOR(1) | ESPIRALES(1),SZ VITARA,
MZ,Mazda,CX-3,modelo,4,32,,2.0(2),17-23(1) 14-(1) 20-23(1) 19-(1) 18-(1) 15-(1),,,,4,MANZANA DELT(1) | DISCO DE FRENO(1) | PASTILLAS DE FRENO(1) | FILTRO AIRE(1),MZ CX-3 2.0 17-23 MZ 3 14-,
MZ,Mazda,CX-5,modelo,4,18,,2.0(1),17-22(1) 17-(1),,,,3,PASTILLAS DE FRENO(2) | DISCO DE FRENO(1) | FILTRO AIRE(1),MZ CX-5 2.0 17-22 297*28*5H,
CH,Chevrolet,NPR,modelo,4,7,,,,,,,3,RULIM CARDAN ARMADO(2) | PARTES DE CARDAN(1) | CABLE SELEC MARCHA(1),CH NPR /CL CENTRAL,
MZ,Mazda,TODAS,ALCANCE,4,6,,,,,,,4,RETEN CAJA DE CAMBIOS(1) | KIT PRINC EMBRAG(1) | KIT AUX EMBRAG(1) | TERMOSTATOS(1),MZ TODAS,
CH,Chevrolet,ZAFIRA,modelo,4,24,,2.0(2),02-(1) 04-(1),,,,3,BANDA MULTIPLE ACANALADA(2) | SEN CKP P/CIGÑ(1) | PASTILLAS DE FRENO(1),CH ZAFIRA,
MT,Mitsubishi,CANTER,modelo,4,19,,,,,,,2,BANDA VENTILADOR(3) | RULIM SERIE 3000(1),MT CANTER,
CH,Chevrolet,SWIFT,modelo,4,64,,,23-(3),,,,4,FILTRO AIRE(1) | FILTRO ACEITE(1) | FILTRO A/C CALEFAC(1) | TAPA DISTRIBUIDOR(1),CH SWIFT 23-,
HY,Hyundai,ACCEN,modelo,4,1,,1.4(2) 1.6(2),15-(1) 06-(1) 12-18(1) -05(1),,,,2,MOTOR 3/4 7/8(3) | VALVULA DE DESFOGUE(1),HY ACCEN 1.4 KAPPA 15-,
KIA,Kia,CARN,modelo,3,0,,2.9(5) 2.2(1),,,DSL(1),,2,PISTONES(2) | RULIM VARIOS(1),KIA CARN 2.9 TERRAC 2.9 /0,
TY,Toyota,TODAS,ALCANCE,3,16,,,,,,,3,SELLO DE VALVULA(1) | ANILLO VALVULA(1) | KIT PRINC EMBRAG(1),TY TODAS,
CH,Chevrolet,ALTO,modelo,3,1,,,03-(1),,,,3,EMPAQUES DE MOTOR(1) | BOMBA DE ACEITE(1) | PASTILLAS DE FRENO(1),CH ALTO,
DW,Daewoo,CIEL,modelo,3,11,,,,,,,3,EMPAQUE MULT ADMIS(1) | CILIND PRIN EMBRAGUE(1) | MANG PASO AGUA(1),DW CIEL COR H/C,
TY,Toyota,PRADO,modelo,3,4,,,98-(1) -98(1),LX450(1),,,2,PASTILLAS DE FRENO(2) | MEDIAS LUNA BANCADA(1),TY PRADO 98- LAND CRUISER,
DW,Daewoo,ESPERO,modelo,3,2,,2.0(1),,,,,3,CABLES BUJIAS(1) | BANDA MULTIPLE ACANALADA(1) | BOMBA DE AGUA(1),DW ESPERO,
CH,Chevrolet,GROVE,modelo,3,56,,1.5(3),21-(3),,,,3,BOMBA COMPLETA COMBUST INYEC(1) | BOBINA(1) | FILTRO AIRE(1),CH GROVE 1.5 21-,
NS,Nissan,X-TRAIL,modelo,3,8,,,06-10(1) 01-13(1),QR25(1),,,2,DISCO DE FRENO(2) | BOYA TANQUE COMBUST(1),NS X-TRAIL T30 06-10 (TAPA 2 SALIDAS),
DW,Daewoo,NUBIRA,modelo,3,5,,1.6(1) 1.8(1),01-(1),,,,3,BARRA DE LEVAS(1) | BARRA LINK ESTABILIZ(1) | FILTRO AIRE(1),DW NUBIRA 1.6 2.0 ESPERO,
DW,Daewoo,TAC,modelo,3,12,,,01-(2),,,,2,MESA SUSPENSION(2) | MANZANA DELT(1),DW TAC DELT,
KIA,Kia,K2.7,modelo,3,29,,,04-(2),,,,2,FILTRO AIRE(2) | BOCIN MESA SUSP(1),KIA K2.7 K3.0 INF GRD,
REN,Renault,MEGANE,modelo,3,3,,,,,,,3,GUARPOLV PUNTA EJE(1) | BOBINA(1) | FILTRO A/C CALEFAC(1),REN MEGANE INT,
NS,Nissan,PATHFA,modelo,3,12,,,,,,,1,TERMINAL DIRECCION(3),NS PATHFA 4*2 PICK EXT MACHO,
REN,Renault,DUSTER,modelo,3,12,,2.0(1),11-(2) 15-(1),,,,2,TERMINAL DIRECCION(2) | PASTILLAS DE FRENO(1),REN DUSTER 11- LH,
CH,Chevrolet,VIT,modelo,3,66,,2.4(1),-05(2),,,,2,CILIND RUEDA POST(2) | BANDA MULTIPLE ACANALADA(1),CH VIT SZ GRAND VIT -05 LH,
CH,Chevrolet,EQUINOX,modelo,3,12,,1.5(2) 1.4(1),19-(1) 18-(1),,TURBO(1),,2,PASTILLAS DE FRENO(2) | BOBINA(1),CH EQUINOX 1.5 19- DELT,
MZ,Mazda,CX-30,modelo,3,15,,2.5(1),19-24(2) 20-(1),,,,2,PASTILLAS DE FRENO(2) | FILTRO AIRE(1),MZ CX-30 19-24 DELT,
NS,Nissan,MARCH,modelo,3,30,,,12-(2) 24-(2) 06-18(1),,,,2,PASTILLAS DE FRENO(2) | BASE AMORTIGUADOR(1),NS MARCH VERSA 12- TY YARIS 24-,
TY,Toyota,RAIZE,modelo,3,81,,1.2(3),22-(2) 21-(1),,,,3,PASTILLAS DE FRENO(1) | FILTRO AIRE(1) | FILTRO A/C CALEFAC(1),TY RAIZE 1.2 21- DELT,
NS,Nissan,PATHFINDER,modelo,3,10,,3.3(1) 3.5(1),95-(1) 12-17(1),VG33(1) VQ35(1),DSL(1),,3,CABLES BUJIAS(1) | BOBINA(1) | FILTRO ACEITE(1),NS PATHFINDER 3.3 VG33 95-,
HY,Hyundai,VELOSTER,modelo,3,6,,1.6(2),12-(1) 17-(1) 08-(1) 13-15(1),,,,3,PIÑON CAJA CAMBIOS(1) | CINTA MODULO AIR/BAG VOLANTE(1) | AMORTIG POST(1),HY VELOSTER 12- CRETA 1.6 1.5 17- 4TA OUTPUT,
HY,Hyundai,TERRC,modelo,3,2,,,,,,,1,CABLE FREN POST(3),HY TERRC LH DISCO,
KIA,Kia,FORTE,modelo,3,9,,1.6(3),08-(1),,,,1,SEN OXIGENO(3),KIA FORTE 1.6,
KIA,Kia,CER,modelo,3,7,,,08-(2) 16-(1) 17-(1),,,,2,DEPURADOR Y RESONADOR(2) | RADIADOR(1),KIA CER FORTE 08- COMPLT,
CH,Chevrolet,ISU,modelo,2,2,,,,4JA1(1) 4JB1(1),,,2,PISTONES(1) | EMBRAGUE PLATO(1),CH ISU /STD 4JA1 4JB1 CAMISAS,
HY,Hyundai,STA,modelo,2,1,,2.4(2),-06(2),,,,2,RESISTENCIA DE BOBINA(1) | VOLANTE EMBRAGUE CINTA(1),HY STA 2.4 -06,
KIA,Kia,PICANT/2,modelo,2,14,,1.1(2),11-(2),,,,2,PISTONES(1) | RINES(1),KIA PICANT/2 HY I10 1.1 11- ATOS PRIME,
KIA,Kia,PICANT/3,modelo,2,8,,1.1(2),11-(2),,,,2,PISTONES(1) | RINES(1),KIA PICANT/3 HY I10 1.1 11- ATOS PRIME,
KIA,Kia,PICANT/4,modelo,2,1,,1.1(2),11-(2),,,,2,PISTONES(1) | RINES(1),KIA PICANT/4 HY I10 1.1 11- ATOS PRIME,
SZ,Suzuki,CARRY/2,modelo,2,4,,,,,,,1,RINES(2),SZ CARRY/2 CHANGAN,
DW,Daewoo,RAC,modelo,2,3,Daewoo Racer,,,,,,2,PASTILLAS DE FRENO(1) | CABLE FREN DELT(1),DW RAC CIE ESP,"MISMO AUTO QUE CIELO (base Opel Kadett E). Racer = 1a gen 1986-1998, Cielo = 2a gen 1998-2002. 1.5L (1498cc) 88CV"
KIA,Kia,RONDO,modelo,2,23,,2.0(2),,,GAS(2),,1,EMPAQUE TAPA VALVULAS(2),KIA RONDO 2.0 GAS,
TY,Toyota,COROLA,modelo,2,3,,,,4AFE(1),,,2,BOMBA DE ACEITE(1) | EMBRAGUE DISCO(1),TY COROLA 4AFE,
TY,Toyota,1RZ,modelo,2,1,,2.0(1),-95(1),,,,2,CABLES BUJIAS(1) | BOMBA DE AGUA(1),TY 1RZ,
KIA,Kia,SORENT0,modelo,2,2,,2.5(2),04-(1),D4CB(1),,,2,PINON CIGUENAL(1) | MOTOR 3/4 7/8(1),KIA SORENT0 2.5 04-,
CH,Chevrolet,RODEO,modelo,2,6,,2.6(1),,,,,2,EMBRAGUE DISCO(1) | EMBRAGUE RULIMAN(1),CH RODEO 2.6 AMERICANO,
TY,Toyota,NEW,modelo,2,4,,2.7(1),17-21(1),2TRFE(1),,,2,EMBRAGUE RULIMAN(1) | TERMINAL DIRECCION(1),TY NEW HILUX 2TRFE,
NS,Nissan,NA20,modelo,2,1,,1.5(2) 1.8(2),78-(2),NA20(2),,,1,ROTULA SUSPENSION(2),NS NA20 1.5 1.6 1.8 JR 78- LOW LH,
NS,Nissan,SENT,modelo,2,37,,,03-(1) 02-(1),,,16V(1),1,HOMOC INT(2),NS SENT 03- 23D SOLO TRICETA,
HY,Hyundai,TERRA,modelo,2,2,,,,,,,1,MESA SUSPENSION(2),HY TERRA DEL INF LH,
HY,Hyundai,SONTA,modelo,2,9,,2.0(1),21-(1) 15-(1),,,,2,MANZANA POST(1) | AXIAL DE DIRECCION(1),HY SONTA 2.0 HYBRID 21-,
KIA,Kia,CERES,modelo,2,10,,,,,,,1,TERMINAL DIRECCION(2),KIA CERES K2.4 LH,
NS,Nissan,MURANO,modelo,2,3,,3.5(1),04-(1) -07(1),,,,2,BARRA LINK ESTABILIZ(1) | BOBINA(1),NS MURANO 3.5 04- RH,
DW,Daewoo,TODOS,ALCANCE,2,7,,,,,,,2,ABRASAD ESTABILZ(1) | RELAY ALTERNADOR(1),DW TODOS,
TY,Toyota,HI,modelo,2,4,,2.7(2),,,,,1,KIT REGULACION FRENO(2),TY HI LUX 2.7 4*4  LH,
HY,Hyundai,I20,modelo,2,2,,,13-(1) 11-(1),,,,2,SERVO FRENO(1) | BASE MOTOR(1),HY I20 13-,
MZ,Mazda,6,modelo,2,6,,,05-(2),,,,1,PASTILLAS DE FRENO(2),MZ  6  05-  DELT,
NS,Nissan,URBAN,modelo,2,14,,3.0(1),02-08(1),,,,2,PASTILLAS DE FRENO(1) | FILTRO ACEITE(1),NS URBAN 02-08,
REN,Renault,TWINGO,modelo,2,12,,1.4(1),,,,,2,PASTILLAS DE FRENO(1) | RULIMANES RD/RP(1),REN TWINGO MEGAN 1.4,
TY,Toyota,RUSH,modelo,2,4,,1.5(2),20-(2),,,,2,PASTILLAS DE FRENO(1) | BOBINA(1),TY RUSH 1.5 20- DELT,
HY,Hyundai,VER-,modelo,2,8,,,,,,,1,RULIM VARIOS(2),HY VER- PIÑON 5TA 580379 28*68*20*14,
CH,Chevrolet,N300,modelo,2,14,,,,N300(2) N200(1),,,2,BANDA MULTIPLE ACANALADA(1) | PIÑON CAJA CAMBIOS(1),CH N300,
DW,Daewoo,TICO,modelo,2,1,,,,,,,2,BANDA VENTILADOR(1) | FILTRO AIRE(1),DW TICO,
CH,Chevrolet,AVE,modelo,2,3,,1.6(2),,,,,1,MANG PASO AGUA(2),CH AVE 1.6 TAX DISTRIBUIDOR DE AGUA,
TY,Toyota,MZ,modelo,2,0,,,75-(1),,,,1,CABLE VELOCIMETRO(2),TY MZ CH ISU 75-LARGA,
SZ,Suzuki,XL7,modelo,2,13,,1.5(2),22-(2),,,,2,FILTRO AIRE(1) | FILTRO A/C CALEFAC(1),SZ XL7 1.5 22-,
HY,Hyundai,H1-06,modelo,2,51,,,02-(2),H100(2),DSL(2),,1,FILTRO DIESEL(2),HY H1-06 H100 PREG SOLO FILT LUV DSL 02-,
CH,Chevrolet,VIVAN,modelo,2,0,,,98-02(2),,,,1,AMORTIG DELT(2),CH VIVAN DW TACUMA LH 98-02,
KIA,Kia,SPEC,modelo,2,7,,,02-(2),,,,1,AMORTIG DELT(2),KIA SPEC 02- LH,
MZ,Mazda,BT-50,modelo,2,2,,2.5(2),,,,,2,AMORTIG DELT(1) | AMORTIG POST(1),MZ BT-50 2.5 4*4,
MT,Mitsubishi,6G72,modelo,1,1,,,,6G72(1),,,1,PISTONES(1),MT 6G72 MONT,
CH,Chevrolet,6VE1,modelo,1,3,,3.5(1),,6VE1(1),GAS(1),,1,RINES(1),CH 6VE1 DMAX/1 3.5 GAS,
CH,Chevrolet,ORLANDO,modelo,1,2,,2.4(1),,,,,1,RINES(1),CH ORLANDO 2.4 CAPTIVA SPORT2.4 10-/0,
KIA,Kia,PICANT/1,modelo,1,4,,1.1(1),11-(1),,,,1,RINES(1),KIA PICANT/1 HY I10 1.1 11- ATOS PRIME,
SZ,Suzuki,CARRY/0,modelo,1,3,,,,,,,1,RINES(1),SZ CARRY/0 CHANGAN,
SZ,Suzuki,CARRY/1,modelo,1,1,,,,,,,1,RINES(1),SZ CARRY/1 CHANGAN,
SZ,Suzuki,CARRY/3,modelo,1,2,,,,,,,1,RINES(1),SZ CARRY/3 CHANGAN,
SZ,Suzuki,CARRY/4,modelo,1,3,,,,,,,1,RINES(1),SZ CARRY/4 CHANGAN,
TY,Toyota,STOUT,modelo,1,1,,,,2RZFE(1),,,1,BOMBA DE ACEITE(1),TY STOUT 2RZFE,
HY,Hyundai,VERACRUZ/SORENT,modelo,1,275,,3.8(1),,,,,1,SELLO DE VALVULA(1),HY VERACRUZ/SORENT 3.8 V6,
DW,Daewoo,SEGURO,modelo,1,10,,,,,,,1,CHAVETA VALVULA(1),DW SEGURO CHAVET,
CH,Chevrolet,FORSA,modelo,1,2,,1.3(1),,GA13(1) SJ413(1),,,1,EMPAQUES DE MOTOR(1),CH FORSA 1.3 GA13 SJ413 JEEP,
SZ,Suzuki,C-CROSS,modelo,1,2,,1.6(1),18-(1),,,,1,EMPAQUE CABEZOTE(1),SZ C-CROSS 1.6 18-,
TY,Toyota,2Y,modelo,1,0,,,,,,,1,EMPAQUE CABEZOTE(1),TY 2Y 3Y,
CH,Chevrolet,NHR,modelo,1,0,,2.8(1),,4JB1(1),,,1,CHAQ BANCADA(1),CH NHR NKR 2.8 4JB1,
KIA,Kia,SPORTAGE/4,modelo,1,1,,,-03(1),,,16V(1),1,CHAQ BANCADA(1),KIA SPORTAGE/4 16V -03,
MT,Mitsubishi,4G63/STD,modelo,1,3,,,92-(1),,,,1,CHAQ BANCADA(1),MT 4G63/STD L200-300 92-,
TY,Toyota,22R/0,modelo,1,0,,,,,,,1,CHAQ BANCADA(1),TY 22R/0 SIN CEJA,
TY,Toyota,22R/1,modelo,1,0,,,,,,,1,CHAQ BANCADA(1),TY 22R/1 SIN CEJA,
TY,Toyota,22R/2,modelo,1,2,,,,,,,1,CHAQ BANCADA(1),TY 22R/2 SIN CEJA,
TY,Toyota,22R/3,modelo,1,0,,,,,,,1,CHAQ BANCADA(1),TY 22R/3 SIN CEJA,
TY,Toyota,22R/4,modelo,1,0,,,,,,,1,CHAQ BANCADA(1),TY 22R/4 SIN CEJA,
HY,Hyundai,VERACRIZ,modelo,1,7,,3.8(1),15-(1),,,,1,MEDIAS LUNA BANCADA(1),HY VERACRIZ SORENTO 3.8 15- /0,
KIA,Kia,SPORTAG/0,modelo,1,9,,,-03(1),,,16V(1),1,MEDIAS LUNA BANCADA(1),KIA SPORTAG/0 16V -03,
KIA,Kia,SPORTAG/1,modelo,1,1,,,-03(1),,,16V(1),1,MEDIAS LUNA BANCADA(1),KIA SPORTAG/1 16V -03,
NS,Nissan,XTRSIL,modelo,1,3,,,,,,,1,MEDIAS LUNA BANCADA(1),NS XTRSIL YD25/0,
CH,Chevrolet,TRACKER1.8,modelo,1,1,,1.8(1),14-(1) 12-(1),,,,1,BOMBA DE ACEITE(1),CH TRACKER1.8 14- CRUZE 1.8 12-,
HY,Hyundai,CARNIV,modelo,1,1,,3.3(2),15-(1) 14-(1),,,,1,BOMBA DE ACEITE(1),HY CARNIV 3.3 15- SORENT 3.3 14-,
TY,Toyota,1Y/2Y/3Y/4Y,modelo,1,2,,,,,,,1,BOMBA DE ACEITE(1),TY 1Y/2Y/3Y/4Y,
DW,Daewoo,NUBI,modelo,1,1,,1.8(1) 2.2(1),03-(1),,,,1,BOMBA DE AGUA(1),DW NUBI DOHC 1.8 / 2.2 03-,
CH,Chevrolet,JIMMY,modelo,1,1,,,,,,,1,BOMBA COMPLETA COMBUST INYEC(1),CH JIMMY,
KIA,Kia,SPORTGG,modelo,1,0,,2.0(1),-03(1),,,16V(1),1,BOMBA COMPLETA COMBUST INYEC(1),KIA SPORTGG 2.0 -03 16V,
KIA,Kia,SEPHIA,modelo,1,1,,,,,,,1,BARRA DE LEVAS(1),KIA SEPHIA FESTIVA,
KIA,Kia,CARNVAL,modelo,1,1,,2.9(1) 2.2(1),,,DSL(1),,1,KIT SATELITE PLANETARIO(1),KIA CARNVAL 2.9 HY STA FE 2.2 DSL,
MZ,Mazda,ALLEGRO,modelo,1,4,,1.6(1),01-(1),,,,1,EMBRAGUE KIT(1),MZ ALLEGRO 1.6 01- P/D/R,
HY,Hyundai,KIA,modelo,1,10,,,,,,,1,EMBRAGUE PLATO(1),HY KIA PICANTO HY ATOS,
KIA,Kia,CERA,modelo,1,2,,,12-(1) 08-(1) 09-(1),,,,1,EMBRAGUE PLATO(1),KIA CERA FORT 12- SOUL 08- I30 09-,
TY,Toyota,L.CRUISER,modelo,1,1,,,,,,,1,EMBRAGUE RULIMAN(1),TY L.CRUISER 1FZ,
CH,Chevrolet,VIVANT,modelo,1,15,,,00-(1),,,,1,ROTULA SUSPENSION(1),CH VIVANT 00- TACUMA,
KIA,Kia,K2700/K300,modelo,1,2,,,04-(1),,,,1,ROTULA SUSPENSION(1),KIA K2700/K300 INF 04-,
KIA,Kia,CERTATO,modelo,1,6,,,10-(1),,,,1,PUENTE DELANTERO(1),KIA CERTATO FORT 10-,
TY,Toyota,YARI,modelo,1,1,,,08-(1),,,,1,MANZANA POST(1),TY YARI 1NZ 08-,
NS,Nissan,K24,modelo,1,0,,2.4(1),,,,,1,DISCO DE FRENO(1),NS K24 2.4 4*4,
KIA,Kia,STYLUS,modelo,1,1,,,,,,,1,TAMBOR RUEDA(1),KIA STYLUS RH PLATO DE TAMBOR,
TY,Toyota,CH,modelo,1,7,,,,,,,1,TUERCAS DE RUEDA(1),TY CH  ISUZU MZ,
TY,Toyota,LAND,modelo,1,4,,,16-(1),,,,1,TERMINAL DIRECCION(1),TY LAND CRUISER PRADO 16- R/L,
TY,Toyota,LC,modelo,1,0,,,,FJ70(1),,,1,TERMINAL DIRECCION(1),TY LC FJ70  4PZ /JP,
DW,Daewoo,NUBIR,modelo,1,17,,,,,,,1,AXIAL DE DIRECCION(1),DW NUBIR VIVANT,
NS,Nissan,ALME,modelo,1,4,,,99-(1),,,,1,AXIAL DE DIRECCION(1),NS ALME 99- HILO FINO,
TY,Toyota,LAN,modelo,1,6,Daewoo Lanos,,16-(1),,,,1,AXIAL DE DIRECCION(1),TY LAN CRUISE PRADO 16-,Variante de escritura de LANOS
KIA,Kia,CARNVIAL,modelo,1,10,,2.9(1),06-(1),,,,1,BARRA LINK ESTABILIZ(1),KIA CARNVIAL 2.9 06- POST,
KIA,Kia,SORENT06-09,modelo,1,1,,,,,,,1,BARRA TEMPLADOR(1),KIA SORENT06-09 4*4 POST CORTA SUP,
KIA,Kia,SOLUL,modelo,1,1,,1.6(1),09-(1),,,,1,DIRECCION COMPLETA(1),KIA SOLUL 1.6 09-,
NS,Nissan,SPORT,modelo,1,1,,2.0(1),08-(1),MR20DE(1),,,1,DIRECCION COMPLETA(1),NS SPORT 2.0 SE MR20DE 08-,
NS,Nissan,FRENTIER,modelo,1,1,,2.4(1),,KA24DE(1),,,1,BOMBA DIRECCION(1),NS FRENTIER 2.4 KA24DE,
TY,Toyota,RUNNER,modelo,1,5,,,,,,,1,PITMAN(1),TY RUNNER 22R,
KIA,Kia,"BESTA,",modelo,1,1,,,,,,,1,CRUCETA CARDAN(1),"KIA BESTA, TOPIC, SPOR",
NS,Nissan,D21,modelo,1,1,,2.4(1),,KA24(1),,,1,CRUCETA CARDAN(1),NS D21 KA24 2.4,
KIA,Kia,GRAN,modelo,1,18,,,,,,,1,KIT PERNOS MORDAZA(1),KIA GRAN PREG CARNI ROSCA EXT,
DW,Daewoo,/RH,modelo,1,2,,,,,,,1,KIT REGULACION FRENO(1),DW /RH,
HY,Hyundai,TUSC,modelo,1,1,,2.0(1),16-(1),,,,1,SERVO FRENO(1),HY TUSC 2.0 TL 16-,
SZ,Suzuki,SWITF,modelo,1,0,,,,,,,1,ZAPATAS DE FRENO(1),SZ SWITF,
REN,Renault,STEPWAY,modelo,1,14,,,16-(1),,,,1,PASTILLAS DE FRENO(1),REN STEPWAY 16- CARBON,
TY,Toyota,HLUX,modelo,1,0,,,,,,,1,PASTILLAS DE FRENO(1),TY HLUX 4*4,
TY,Toyota,INNOVA,modelo,1,1,,,,,,,1,PASTILLAS DE FRENO(1),TY INNOVA,
TY,Toyota,LEXUS,modelo,1,2,,,,,,,1,PASTILLAS DE FRENO(1),TY LEXUS QQ3,
MZ,Mazda,G6,modelo,1,2,,,04-(1),,,,1,RETEN RD DELT Y SEMIEJE(1),MZ G6 04- RD,
TY,Toyota,2200,modelo,1,4,,,,,,,1,RETEN DISTRIBUCION(1),TY 2200 2Y 3Y 4Y,
HY,Hyundai,HY,modelo,1,2,,,,,,,1,RETEN CAJA DE CAMBIOS(1),HY HY TUCS 2010- TRANSFREN,
TY,Toyota,RP,modelo,1,0,,,,,,,1,RULIMANES RD/RP(1),TY RP,
CH,Chevrolet,TROOPER,modelo,1,4,,,,,,,1,INYECTORES(1),CH TROOPER WAGON,
MZ,Mazda,3/6,modelo,1,0,,2.0(1),07-(1),,,,1,ROTOR DISTRIBUIDOR(1),MZ 3/6 2.0 07-,
TY,Toyota,TODOS,ALCANCE,1,6,,,92-95(1),L200(1),,,1,PLATINO(1),TY TODOS MT L200 92-95,
DW,Daewoo,TACM,modelo,1,0,,,,,,,1,CABLES BUJIAS(1),DW TACM NUB,
HY,Hyundai,SAT,modelo,1,2,,2.7(1),07-(1),,,,1,CABLES BUJIAS(1),HY SAT FE 2.7 07- CABLE BOBINA,
TY,Toyota,"COROLLA2E,3E",modelo,1,0,,,91-(1),,,,1,CABLES BUJIAS(1),"TY COROLLA2E,3E 91- CON VINCHA",
KIA,Kia,SPOTAG,modelo,1,2,,,11-(1),,,,1,MODULOS(1),KIA SPOTAG R 11-  AIRBAG PILOTO,
SZ,Suzuki,VITAR,modelo,1,1,,,,,,,1,SENSOR TEMPERATURA(1),SZ VITAR SWITF,
CH,Chevrolet,CRAN,modelo,1,0,,1.6(1) 2.5(1),,,,,1,TROM RETRO(1),CH CRAN VIT 1.6 2.0 2.5,
KIA,Kia,OPIRUS,modelo,1,1,,,04-(1),,,,1,SWICH LUCES O PLUMAS(1),KIA OPIRUS 04- PARQUEO,
KIA,Kia,SPORTAGUE,modelo,1,0,,,,,,,1,SWICH ELEVA VIDRIO(1),KIA SPORTAGUE R SOLO BOTON L/R,
CH,Chevrolet,GAN,modelo,1,2,,2.0(1),,,,,1,VALVULA DE DESFOGUE(1),CH GAN VIT 2.0 5P VALV DESF,
DW,Daewoo,LANO,modelo,1,0,,,,,,,1,VALVULA DE DESFOGUE(1),DW LANO MATIZ  SELENOI AIRE,
CH,Chevrolet,GAND,modelo,1,0,,1.6(1),,G16B(1),,,1,BASE AMORTIGUADOR(1),CH GAND VITARA 3P 1.6 G16B,
HY,Hyundai,ELANTR,modelo,1,4,,1.6(1),12-(1),,,,1,ELECTRO VENTILADOR(1),HY ELANTR 1.6 12-,
KIA,Kia,PICA,modelo,1,6,,1.2(1),18-(2),,,,1,POLEA DEL CIGUEÑAL(1),KIA PICA 1.2 18- RIO 18-,
MZ,Mazda,626,modelo,1,1,,,96-(1),,,,1,POLEA DEL CIGUEÑAL(1),MZ 626 96- UP,
CH,Chevrolet,SAN,modelo,1,2,,,,,,,1,BANDA VENTILADOR(1),CH SAN REMO,
TY,Toyota,CORONA,modelo,1,1,,,,,,,1,BANDA VENTILADOR(1),TY CORONA,
CH,Chevrolet,TROOP,modelo,1,0,,3.2(1),,,,,1,CABLE ACELERADOR(1),CH TROOP 3.2 V6,
CH,Chevrolet,NEW,modelo,1,38,,1.3(1),,,TURBO(1),,1,FILTRO AIRE(1),CH NEW ONIX TRACKER 1.3 TURBO,
NS,Nissan,PATH,modelo,1,7,,5.6(1),01-09(1) 05-06(1),,,,1,FILTRO AIRE(1),NS PATH FINDER 01-09 PICK UP 5.6 05-06,
NS,Nissan,URVAN,modelo,1,2,,,,,,,1,FILTRO AIRE(1),NS URVAN TY HIACE JOYKON H3,
MT,Mitsubishi,L300,modelo,1,9,,,,L300(1),,,1,CAUCHO Y BOCIN PAQUET(1),MT L300 HY H1,
MZ,Mazda,CX5,modelo,1,8,,2.0(1),17-(1),,,,1,FILTRO A/C CALEFAC(1),MZ CX5 MZ 6 2.0 17-,
TY,Toyota,FORTUNER,modelo,1,168,,,18-(1),,,,1,FILTRO A/C CALEFAC(1),TY FORTUNER YARIS COROLL RAV JAC T6 18-,
MZ,Mazda,TY,modelo,1,3,,0.9(1),,,,,1,TAPA RADIADOR(1),MZ TY MT 0.9 GRANDE,
CH,Chevrolet,VECTRA,modelo,1,0,,2.2(1),,,,,1,BANDA MULTIPLE ACANALADA(1),CH VECTRA 2.2 C/A,
TY,Toyota,3Y,modelo,1,7,,,,,,,1,BANDA MULTIPLE ACANALADA(1),TY 3Y FURGONETA,
TY,Toyota,RAV4,modelo,1,2,,,02-(1),RAV4(1),,,1,BANDA MULTIPLE ACANALADA(1),TY RAV4 02- C/A,
HY,Hyundai,SRTA,modelo,1,0,,2.4(1),12-(1),,,,1,SEN VARIOS(1),HY SRTA FE 2.4 12-,
REN,Renault,TODOS,ALCANCE,1,0,,,,,,,1,SEN IAC(1),REN TODOS,
HY,Hyundai,IONQ,modelo,1,1,,1.6(2),17-(1) 16-(1),G4LE(1),,,1,SEN B/LEVAS(1),HY IONQ 1.6 17- KIA NIRO 1.6 G4LE 16-,
HY,Hyundai,HD,modelo,1,1,,,98-04(1),,,,1,SEN VELOC(1),HY HD 65/72   98-04,
KIA,Kia,K3,modelo,1,1,,,24-(1),,,,1,RADIADOR(1),KIA K3 24- A/T,
SZ,Suzuki,CROSS,modelo,1,4,,,,,,,1,RADIADOR(1),SZ CROSS T/A,
TY,Toyota,2TR,modelo,1,1,,,,,,,1,RADIADOR(1),TY 2TR FRONTIER HILUX 4*2/4*4 T/M,
TY,Toyota,21R,modelo,1,2,,,,,,,1,MEDIA LUNA TAPA VALVULAS(1),TY 21R 22R,
